heldout,seed,tau_true_s,tau_pred_s,dynamic_gate,t_end_s,tau_to_event_s,max_temperature_c
TS0330A,2026,599.89,588.8329467773438,0.5089989900588989,216.0,599.89,42.10647964477539
TS0330A,2026,589.89,589.214111328125,0.5090044736862183,226.0,589.89,47.0459098815918
TS0330A,2026,579.89,589.4991455078125,0.5090073943138123,236.0,579.89,51.84259796142578
TS0330A,2026,569.89,589.5452270507812,0.5090049505233765,246.0,569.89,57.67828369140625
TS0330A,2026,559.89,589.243408203125,0.5089942812919617,256.0,559.89,62.90480041503906
TS0330A,2026,549.89,588.0604248046875,0.5089725255966187,266.0,549.89,67.94219207763672
TS0330A,2026,539.89,585.7236938476562,0.5089325904846191,276.0,539.89,73.72825622558594
TS0330A,2026,529.89,582.4634399414062,0.5088737607002258,286.0,529.89,78.58412170410156
TS0330A,2026,519.89,578.159423828125,0.5087873339653015,296.0,519.89,83.2309799194336
TS0330A,2026,509.89,572.0936279296875,0.5086686015129089,306.0,509.89,87.96247863769531
TS0330A,2026,499.89,565.3292846679688,0.5085282921791077,316.0,499.89,92.40056610107422
TS0330A,2026,489.89,556.9503784179688,0.5083601474761963,326.0,489.89,96.55750274658205
TS0330A,2026,479.89,547.2514038085938,0.5081767439842224,336.0,479.89,99.70857238769533
TS0330A,2026,469.89,535.860107421875,0.5079772472381592,346.0,469.89,103.45777893066406
TS0330A,2026,459.89,523.2863159179688,0.5077638030052185,356.0,459.89,107.0255126953125
TS0330A,2026,449.89,509.9940490722656,0.5075368881225586,366.0,449.89,110.394775390625
TS0330A,2026,439.89,495.4237365722656,0.5073121190071106,376.0,439.89,113.17137908935548
TS0330A,2026,429.89,479.7153930664063,0.5070838332176208,386.0,429.89,116.21153259277344
TS0330A,2026,419.89,464.5333862304688,0.506855845451355,396.0,419.89,118.47025299072266
TS0330A,2026,409.89,449.7521362304688,0.5066407322883606,406.0,409.89,121.20233917236328
TS0330A,2026,399.89,435.1672668457031,0.5064296722412109,416.0,399.89,122.81551361083984
TS0330A,2026,389.89,420.98388671875,0.5062284469604492,426.0,389.89,125.32140350341795
TS0330A,2026,379.89,407.7234497070313,0.5060380101203918,436.0,379.89,126.7385711669922
TS0330A,2026,369.89,395.01959228515625,0.5058609247207642,446.0,369.89,128.1549835205078
TS0330A,2026,359.89,383.1418762207031,0.5057016015052795,456.0,359.89,130.3401641845703
TS0330A,2026,349.89,372.1193542480469,0.5055434107780457,466.0,349.89,132.08990478515625
TS0330A,2026,339.89,361.8672180175781,0.5053938031196594,476.0,339.89,133.69847106933594
TS0330A,2026,329.89,352.2743225097656,0.505254328250885,486.0,329.89,134.80702209472656
TS0330A,2026,319.89,342.9739990234375,0.5051265954971313,496.0,319.89,135.87831115722656
TS0330A,2026,309.89,334.7090148925781,0.5050061345100403,506.0,309.89,137.8406219482422
TS0330A,2026,299.89,327.8497009277344,0.5048996210098267,516.0,299.89,138.9396514892578
TS0330A,2026,289.89,321.12127685546875,0.5047926306724548,526.0,289.89,139.94163513183594
TS0330A,2026,279.89,315.10614013671875,0.5047000050544739,536.0,279.89,141.57028198242188
TS0330A,2026,269.89,309.6509704589844,0.5046036839485168,546.0,269.89,142.0
TS0330A,2026,259.89,304.4409484863281,0.5045234560966492,556.0,259.89,142.15574645996094
TS0330A,2026,249.89,298.8243408203125,0.5044472813606262,566.0,249.89,142.84213256835938
TS0330A,2026,239.89,293.7994079589844,0.5043712258338928,576.0,239.89,144.3465118408203
TS0330A,2026,229.89,289.6566467285156,0.5042985677719116,586.0,229.89,145.6323699951172
TS0330A,2026,219.89,286.43243408203125,0.5042323470115662,596.0,219.89,146.65780639648438
TS0330A,2026,209.89,283.10308837890625,0.504170298576355,606.0,209.89,147.6956329345703
TS0330A,2026,199.89,279.6250305175781,0.5041086077690125,616.0,199.89,149.47840881347656
TS0330A,2027,599.89,577.8732299804688,0.5009404420852661,216.0,599.89,42.10647964477539
TS0330A,2027,589.89,577.4637451171875,0.5009167194366455,226.0,589.89,47.0459098815918
TS0330A,2027,579.89,576.7750244140625,0.5008863210678101,236.0,579.89,51.84259796142578
TS0330A,2027,569.89,575.490966796875,0.500848114490509,246.0,569.89,57.67828369140625
TS0330A,2027,559.89,573.8287963867188,0.5008010268211365,256.0,559.89,62.90480041503906
TS0330A,2027,549.89,571.5941162109375,0.5007445216178894,266.0,549.89,67.94219207763672
TS0330A,2027,539.89,568.6402587890625,0.5006838440895081,276.0,539.89,73.72825622558594
TS0330A,2027,529.89,564.9326782226562,0.5006139874458313,286.0,529.89,78.58412170410156
TS0330A,2027,519.89,560.4238891601562,0.5005460381507874,296.0,519.89,83.2309799194336
TS0330A,2027,509.89,555.0804443359375,0.500487744808197,306.0,509.89,87.96247863769531
TS0330A,2027,499.89,549.0719604492188,0.5004246234893799,316.0,499.89,92.40056610107422
TS0330A,2027,489.89,542.4283447265625,0.5003679990768433,326.0,489.89,96.55750274658205
TS0330A,2027,479.89,535.3109130859375,0.5003021359443665,336.0,479.89,99.70857238769533
TS0330A,2027,469.89,527.6048583984375,0.5002354383468628,346.0,469.89,103.45777893066406
TS0330A,2027,459.89,519.3392333984375,0.5001702904701233,356.0,459.89,107.0255126953125
TS0330A,2027,449.89,510.9376831054688,0.5001118779182434,366.0,449.89,110.394775390625
TS0330A,2027,439.89,502.1614685058594,0.5000438690185547,376.0,439.89,113.17137908935548
TS0330A,2027,429.89,492.9221801757813,0.4999802112579345,386.0,429.89,116.21153259277344
TS0330A,2027,419.89,483.79681396484375,0.4999215304851532,396.0,419.89,118.47025299072266
TS0330A,2027,409.89,476.4642028808594,0.4998554587364197,406.0,409.89,121.20233917236328
TS0330A,2027,399.89,468.8252868652344,0.4997981190681457,416.0,399.89,122.81551361083984
TS0330A,2027,389.89,460.6483459472656,0.4997425973415375,426.0,389.89,125.32140350341795
TS0330A,2027,379.89,452.3736572265625,0.4996887147426605,436.0,379.89,126.7385711669922
TS0330A,2027,369.89,443.376953125,0.4996377229690552,446.0,369.89,128.1549835205078
TS0330A,2027,359.89,434.16119384765625,0.4995774924755096,456.0,359.89,130.3401641845703
TS0330A,2027,349.89,425.2269287109375,0.4995342195034027,466.0,349.89,132.08990478515625
TS0330A,2027,339.89,416.5648193359375,0.4994941651821136,476.0,339.89,133.69847106933594
TS0330A,2027,329.89,407.50390625,0.49945729970932,486.0,329.89,134.80702209472656
TS0330A,2027,319.89,397.7633666992188,0.4994212388992309,496.0,319.89,135.87831115722656
TS0330A,2027,309.89,388.6817626953125,0.4993918240070343,506.0,309.89,137.8406219482422
TS0330A,2027,299.89,380.8179321289063,0.4993539452552795,516.0,299.89,138.9396514892578
TS0330A,2027,289.89,373.12799072265625,0.4993292093276977,526.0,289.89,139.94163513183594
TS0330A,2027,279.89,365.6748962402344,0.4992924034595489,536.0,279.89,141.57028198242188
TS0330A,2027,269.89,358.96124267578125,0.499271422624588,546.0,269.89,142.0
TS0330A,2027,259.89,350.9533386230469,0.4992395043373108,556.0,259.89,142.15574645996094
TS0330A,2027,249.89,342.1382141113281,0.4992128610610962,566.0,249.89,142.84213256835938
TS0330A,2027,239.89,334.86016845703125,0.499197781085968,576.0,239.89,144.3465118408203
TS0330A,2027,229.89,329.5767822265625,0.4991816580295563,586.0,229.89,145.6323699951172
TS0330A,2027,219.89,325.3827514648437,0.4991630017757416,596.0,219.89,146.65780639648438
TS0330A,2027,209.89,320.8109741210937,0.4991393089294433,606.0,209.89,147.6956329345703
TS0330A,2027,199.89,315.69171142578125,0.4991148710250854,616.0,199.89,149.47840881347656
TS0330A,2028,599.89,579.109619140625,0.493992269039154,216.0,599.89,42.10647964477539
TS0330A,2028,589.89,580.574951171875,0.4940612912178039,226.0,589.89,47.0459098815918
TS0330A,2028,579.89,582.37158203125,0.494143933057785,236.0,579.89,51.84259796142578
TS0330A,2028,569.89,584.4376831054688,0.4942399859428406,246.0,569.89,57.67828369140625
TS0330A,2028,559.89,586.4723510742188,0.4943500161170959,256.0,559.89,62.90480041503906
TS0330A,2028,549.89,588.443603515625,0.4944722056388855,266.0,549.89,67.94219207763672
TS0330A,2028,539.89,589.6109008789062,0.494602233171463,276.0,539.89,73.72825622558594
TS0330A,2028,529.89,589.3487548828125,0.4947430491447449,286.0,529.89,78.58412170410156
TS0330A,2028,519.89,587.49072265625,0.4948863685131073,296.0,519.89,83.2309799194336
TS0330A,2028,509.89,583.888916015625,0.4950243234634399,306.0,509.89,87.96247863769531
TS0330A,2028,499.89,579.4203491210938,0.4951632916927337,316.0,499.89,92.40056610107422
TS0330A,2028,489.89,573.4400024414062,0.4952956438064575,326.0,489.89,96.55750274658205
TS0330A,2028,479.89,566.5132446289062,0.4954313039779663,336.0,479.89,99.70857238769533
TS0330A,2028,469.89,558.5452270507812,0.4955635368824005,346.0,469.89,103.45777893066406
TS0330A,2028,459.89,549.7481079101562,0.4956936240196228,356.0,459.89,107.0255126953125
TS0330A,2028,449.89,540.18603515625,0.4958168566226959,366.0,449.89,110.394775390625
TS0330A,2028,439.89,530.2951049804688,0.4959434866905212,376.0,439.89,113.17137908935548
TS0330A,2028,429.89,520.0735473632812,0.4960670471191406,386.0,429.89,116.21153259277344
TS0330A,2028,419.89,509.5779113769531,0.4961875975131988,396.0,419.89,118.47025299072266
TS0330A,2028,409.89,499.8181762695313,0.4963087439537048,406.0,409.89,121.20233917236328
TS0330A,2028,399.89,490.0588989257813,0.4964242577552795,416.0,399.89,122.81551361083984
TS0330A,2028,389.89,480.7453002929688,0.4965379536151886,426.0,389.89,125.32140350341795
TS0330A,2028,379.89,472.062255859375,0.4966496229171753,436.0,379.89,126.7385711669922
TS0330A,2028,369.89,463.3796081542969,0.4967562258243561,446.0,369.89,128.1549835205078
TS0330A,2028,359.89,454.9971008300781,0.4968700110912323,456.0,359.89,130.3401641845703
TS0330A,2028,349.89,446.4436645507813,0.4969708025455475,466.0,349.89,132.08990478515625
TS0330A,2028,339.89,438.30670166015625,0.4970688223838806,476.0,339.89,133.69847106933594
TS0330A,2028,329.89,430.1663513183594,0.4971608519554138,486.0,329.89,134.80702209472656
TS0330A,2028,319.89,422.5926208496094,0.4972495138645172,496.0,319.89,135.87831115722656
TS0330A,2028,309.89,414.7074890136719,0.4973310232162475,506.0,309.89,137.8406219482422
TS0330A,2028,299.89,408.4450378417969,0.4974169433116913,516.0,299.89,138.9396514892578
TS0330A,2028,289.89,401.7733154296875,0.4974901080131531,526.0,289.89,139.94163513183594
TS0330A,2028,279.89,395.88128662109375,0.4975704550743103,536.0,279.89,141.57028198242188
TS0330A,2028,269.89,390.3660583496094,0.497637003660202,546.0,269.89,142.0
TS0330A,2028,259.89,384.5279846191406,0.4977050721645355,556.0,259.89,142.15574645996094
TS0330A,2028,249.89,377.4288635253906,0.4977679252624511,566.0,249.89,142.84213256835938
TS0330A,2028,239.89,371.3629455566406,0.4978199005126953,576.0,239.89,144.3465118408203
TS0330A,2028,229.89,365.3878784179688,0.4978736042976379,586.0,229.89,145.6323699951172
TS0330A,2028,219.89,360.6325073242188,0.4979256987571716,596.0,219.89,146.65780639648438
TS0330A,2028,209.89,354.8600158691406,0.497980535030365,606.0,209.89,147.6956329345703
TS0330A,2028,199.89,348.6455078125,0.4980364441871643,616.0,199.89,149.47840881347656
TS0330B,2026,593.36,575.1639404296875,0.5081714391708374,203.0,593.36,72.50983428955078
TS0330B,2026,583.36,565.7861938476562,0.5082829594612122,213.0,583.36,77.21733093261719
TS0330B,2026,573.36,556.2304077148438,0.5083463788032532,223.0,573.36,81.57472229003906
TS0330B,2026,563.36,546.1819458007812,0.50837242603302,233.0,563.36,85.78389739990234
TS0330B,2026,553.36,535.94775390625,0.508362352848053,243.0,553.36,89.85619354248047
TS0330B,2026,543.36,526.2381591796875,0.5082852840423584,253.0,543.36,93.77790832519533
TS0330B,2026,533.36,516.7125244140625,0.5081735253334045,263.0,533.36,97.52116394042967
TS0330B,2026,523.36,507.2969970703125,0.5080136060714722,273.0,523.36,101.10675048828124
TS0330B,2026,513.36,498.1048583984375,0.5077890753746033,283.0,513.36,104.07594299316406
TS0330B,2026,503.36,489.0740661621094,0.5075324773788452,293.0,503.36,106.83893585205078
TS0330B,2026,493.36,480.427001953125,0.5072373747825623,303.0,493.36,110.0254135131836
TS0330B,2026,483.36,472.2734069824219,0.5068908929824829,313.0,483.36,113.06476593017578
TS0330B,2026,473.36,463.8351440429688,0.5065154433250427,323.0,473.36,116.00128936767578
TS0330B,2026,463.36,454.79437255859375,0.5061215162277222,333.0,463.36,117.81861877441406
TS0330B,2026,453.36,445.64208984375,0.5057069659233093,343.0,453.36,120.52408599853516
TS0330B,2026,443.36,436.41351318359375,0.5052782297134399,353.0,443.36,122.2579574584961
TS0330B,2026,433.36,426.5601501464844,0.5048372745513916,363.0,433.36,124.63282775878906
TS0330B,2026,423.36,417.2677612304688,0.5043922662734985,373.0,423.36,126.11109924316406
TS0330B,2026,413.36,407.6593627929688,0.5039440393447876,383.0,413.36,128.39471435546875
TS0330B,2026,403.36,398.52490234375,0.5034970045089722,393.0,403.36,129.6723175048828
TS0330B,2026,393.36,388.5442504882813,0.503059446811676,403.0,393.36,131.79086303710938
TS0330B,2026,383.36,379.0178833007813,0.5026344060897827,413.0,383.36,133.06936645507812
TS0330B,2026,373.36,367.6360168457031,0.5022037625312805,423.0,373.36,134.20310974121094
TS0330B,2026,363.36,355.82598876953125,0.5017983913421631,433.0,363.36,135.3069610595703
TS0330B,2026,353.36,343.1131591796875,0.5014023780822754,443.0,353.36,136.77394104003906
TS0330B,2026,343.36,331.0522155761719,0.5010334253311157,453.0,343.36,138.4484100341797
TS0330B,2026,333.36,321.2836608886719,0.500653862953186,463.0,333.36,139.49624633789062
TS0330B,2026,323.36,311.3436279296875,0.5003014802932739,473.0,323.36,140.504150390625
TS0330B,2026,313.36,301.549072265625,0.499958723783493,483.0,313.36,141.0
TS0330B,2026,303.36,290.43719482421875,0.499650776386261,493.0,303.36,141.19920349121094
TS0330B,2026,293.36,280.32586669921875,0.4993556439876556,503.0,293.36,141.9797821044922
TS0330B,2026,283.36,269.5454406738281,0.4990918338298797,513.0,283.36,142.94766235351562
TS0330B,2026,273.36,261.7748107910156,0.4988113939762115,523.0,273.36,145.07772827148438
TS0330B,2026,263.36,258.4234619140625,0.4985516965389251,533.0,263.36,146.0
TS0330B,2026,253.36,257.3301696777344,0.4982999563217163,543.0,253.36,146.0
TS0330B,2026,243.36,254.28846740722656,0.498076468706131,553.0,243.36,146.0
TS0330B,2026,233.36,248.39694213867188,0.4978574514389038,563.0,233.36,146.998046875
TS0330B,2026,223.36,243.4831085205078,0.4976450204849243,573.0,223.36,148.526611328125
TS0330B,2027,593.36,573.7698974609375,0.5000723004341125,203.0,593.36,72.50983428955078
TS0330B,2027,583.36,568.3136596679688,0.500047504901886,213.0,583.36,77.21733093261719
TS0330B,2027,573.36,561.6209716796875,0.5000025033950806,223.0,573.36,81.57472229003906
TS0330B,2027,563.36,554.3535766601562,0.4999469220638275,233.0,563.36,85.78389739990234
TS0330B,2027,553.36,546.3209228515625,0.4998853802680969,243.0,553.36,89.85619354248047
TS0330B,2027,543.36,537.3140258789062,0.4998047351837158,253.0,543.36,93.77790832519533
TS0330B,2027,533.36,527.3236083984375,0.499723732471466,263.0,533.36,97.52116394042967
TS0330B,2027,523.36,516.48046875,0.4996372759342193,273.0,523.36,101.10675048828124
TS0330B,2027,513.36,504.959716796875,0.4995369911193847,283.0,513.36,104.07594299316406
TS0330B,2027,503.36,493.0537109375,0.4994406700134277,293.0,503.36,106.83893585205078
TS0330B,2027,493.36,480.8421020507813,0.4993439614772796,303.0,493.36,110.0254135131836
TS0330B,2027,483.36,469.1088562011719,0.4992405772209167,313.0,483.36,113.06476593017578
TS0330B,2027,473.36,457.4954833984375,0.4991392493247986,323.0,473.36,116.00128936767578
TS0330B,2027,463.36,448.4475708007813,0.4990437924861908,333.0,463.36,117.81861877441406
TS0330B,2027,453.36,439.0598449707031,0.498950332403183,343.0,453.36,120.52408599853516
TS0330B,2027,443.36,432.2182922363281,0.498859703540802,353.0,443.36,122.2579574584961
TS0330B,2027,433.36,424.0747375488281,0.4987718462944031,363.0,433.36,124.63282775878906
TS0330B,2027,423.36,417.0724792480469,0.4986874759197235,373.0,423.36,126.11109924316406
TS0330B,2027,413.36,408.1093444824219,0.4986067116260528,383.0,413.36,128.39471435546875
TS0330B,2027,403.36,400.4878234863281,0.4985293447971344,393.0,403.36,129.6723175048828
TS0330B,2027,393.36,391.0211791992188,0.4984574913978576,403.0,393.36,131.79086303710938
TS0330B,2027,383.36,382.1506042480469,0.4983941912651062,413.0,383.36,133.06936645507812
TS0330B,2027,373.36,372.9157104492188,0.4983246624469757,423.0,373.36,134.20310974121094
TS0330B,2027,363.36,361.8039245605469,0.4982635974884033,433.0,363.36,135.3069610595703
TS0330B,2027,353.36,349.57501220703125,0.49820277094841,443.0,353.36,136.77394104003906
TS0330B,2027,343.36,338.9591979980469,0.498155266046524,453.0,343.36,138.4484100341797
TS0330B,2027,333.36,331.2292175292969,0.4980996549129486,463.0,333.36,139.49624633789062
TS0330B,2027,323.36,321.865478515625,0.4980542957782745,473.0,323.36,140.504150390625
TS0330B,2027,313.36,311.7398986816406,0.4980078041553497,483.0,313.36,141.0
TS0330B,2027,303.36,300.225830078125,0.4979691803455353,493.0,303.36,141.19920349121094
TS0330B,2027,293.36,287.8727722167969,0.4979274868965149,503.0,293.36,141.9797821044922
TS0330B,2027,283.36,276.22967529296875,0.4978962242603302,513.0,283.36,142.94766235351562
TS0330B,2027,273.36,267.6019592285156,0.4978548586368561,523.0,273.36,145.07772827148438
TS0330B,2027,263.36,265.77996826171875,0.4978270232677459,533.0,263.36,146.0
TS0330B,2027,253.36,264.6146240234375,0.4977993369102478,543.0,253.36,146.0
TS0330B,2027,243.36,258.4199523925781,0.4977734982967376,553.0,243.36,146.0
TS0330B,2027,233.36,247.46945190429688,0.4977429807186126,563.0,233.36,146.998046875
TS0330B,2027,223.36,239.3276824951172,0.4977140724658966,573.0,223.36,148.526611328125
TS0330B,2028,593.36,600.0,0.4940168559551239,203.0,593.36,72.50983428955078
TS0330B,2028,583.36,600.0,0.4943582415580749,213.0,583.36,77.21733093261719
TS0330B,2028,573.36,597.9588012695312,0.4946984946727752,223.0,573.36,81.57472229003906
TS0330B,2028,563.36,590.3126220703125,0.495039701461792,233.0,563.36,85.78389739990234
TS0330B,2028,553.36,581.1348266601562,0.4953813254833221,243.0,553.36,89.85619354248047
TS0330B,2028,543.36,570.9074096679688,0.4956977963447571,253.0,543.36,93.77790832519533
TS0330B,2028,533.36,558.7682495117188,0.4960103631019592,263.0,533.36,97.52116394042967
TS0330B,2028,523.36,546.4776000976562,0.496304452419281,273.0,523.36,101.10675048828124
TS0330B,2028,513.36,533.2072143554688,0.4965678453445434,283.0,513.36,104.07594299316406
TS0330B,2028,503.36,518.9456176757812,0.4968171119689941,293.0,503.36,106.83893585205078
TS0330B,2028,493.36,505.1015930175781,0.4970456957817077,303.0,493.36,110.0254135131836
TS0330B,2028,483.36,491.1030883789063,0.4972450733184814,313.0,483.36,113.06476593017578
TS0330B,2028,473.36,477.2784118652344,0.4974189698696136,323.0,473.36,116.00128936767578
TS0330B,2028,463.36,463.9397888183594,0.4975762963294983,333.0,463.36,117.81861877441406
TS0330B,2028,453.36,451.3484497070313,0.4977116882801056,343.0,453.36,120.52408599853516
TS0330B,2028,443.36,439.545166015625,0.4978264570236206,353.0,443.36,122.2579574584961
TS0330B,2028,433.36,428.6737060546875,0.4979227781295776,363.0,433.36,124.63282775878906
TS0330B,2028,423.36,419.0618896484375,0.4980011880397796,373.0,423.36,126.11109924316406
TS0330B,2028,413.36,410.4335632324219,0.4980656504631042,383.0,413.36,128.39471435546875
TS0330B,2028,403.36,402.7156677246094,0.498116672039032,393.0,403.36,129.6723175048828
TS0330B,2028,393.36,394.259033203125,0.4981595873832702,403.0,393.36,131.79086303710938
TS0330B,2028,383.36,385.10443115234375,0.4981993734836578,413.0,383.36,133.06936645507812
TS0330B,2028,373.36,375.4408874511719,0.4982174038887024,423.0,373.36,134.20310974121094
TS0330B,2028,363.36,366.7250671386719,0.4982315897941589,433.0,363.36,135.3069610595703
TS0330B,2028,353.36,356.6296691894531,0.4982372224330902,443.0,353.36,136.77394104003906
TS0330B,2028,343.36,346.3699645996094,0.4982526004314422,453.0,343.36,138.4484100341797
TS0330B,2028,333.36,337.26324462890625,0.4982491433620453,463.0,333.36,139.49624633789062
TS0330B,2028,323.36,327.21063232421875,0.4982525408267975,473.0,323.36,140.504150390625
TS0330B,2028,313.36,318.57061767578125,0.4982460439205169,483.0,313.36,141.0
TS0330B,2028,303.36,308.6517028808594,0.498244047164917,493.0,303.36,141.19920349121094
TS0330B,2028,293.36,300.3552551269531,0.4982310533523559,503.0,293.36,141.9797821044922
TS0330B,2028,283.36,290.484375,0.4982280433177948,513.0,283.36,142.94766235351562
TS0330B,2028,273.36,283.4273681640625,0.4982103109359741,523.0,273.36,145.07772827148438
TS0330B,2028,263.36,279.2275695800781,0.4982051849365234,533.0,263.36,146.0
TS0330B,2028,253.36,274.361572265625,0.498198539018631,543.0,253.36,146.0
TS0330B,2028,243.36,266.3392028808594,0.4981899261474609,553.0,243.36,146.0
TS0330B,2028,233.36,258.0824584960937,0.498174637556076,563.0,233.36,146.998046875
TS0330B,2028,223.36,253.85792541503903,0.4981581270694732,573.0,223.36,148.526611328125
TS0330C,2026,593.94,547.1467895507812,0.506981611251831,149.0,593.94,74.46017456054688
TS0330C,2026,583.94,542.5120239257812,0.5072411298751831,159.0,583.94,79.30834197998047
TS0330C,2026,573.94,536.851318359375,0.5074854493141174,169.0,573.94,84.26752471923828
TS0330C,2026,563.94,530.2631225585938,0.5076262354850769,179.0,563.94,89.75813293457031
TS0330C,2026,553.94,522.3348388671875,0.5077311396598816,189.0,553.94,94.46733856201172
TS0330C,2026,543.94,514.3958740234375,0.5076921582221985,199.0,543.94,98.70768737792967
TS0330C,2026,533.94,505.85888671875,0.5076413750648499,209.0,533.94,103.00598907470705
TS0330C,2026,523.94,496.37103271484375,0.5074810981750488,219.0,523.94,106.93230438232422
TS0330C,2026,513.94,486.2118225097656,0.5072962045669556,229.0,513.94,110.30631256103516
TS0330C,2026,503.94000000000005,475.7940673828125,0.5070533752441406,239.0,503.94000000000005,114.1726531982422
TS0330C,2026,493.94000000000005,464.56683349609375,0.5067402124404907,249.0,493.94000000000005,116.99776458740234
TS0330C,2026,483.94000000000005,453.206298828125,0.506428062915802,259.0,483.94000000000005,119.64703369140624
TS0330C,2026,473.94000000000005,441.5119018554688,0.5060199499130249,269.0,473.94000000000005,122.62378692626952
TS0330C,2026,463.94000000000005,429.46978759765625,0.5056403875350952,279.0,463.94000000000005,124.88540649414062
TS0330C,2026,453.94000000000005,417.43658447265625,0.5052058100700378,289.0,453.94000000000005,127.24746704101562
TS0330C,2026,443.94000000000005,405.7759399414063,0.5047568082809448,299.0,443.94000000000005,129.6749725341797
TS0330C,2026,433.94000000000005,394.90728759765625,0.5043312907218933,309.0,433.94000000000005,131.12374877929688
TS0330C,2026,423.94000000000005,384.1877746582031,0.5039103627204895,319.0,423.94000000000005,132.47474670410156
TS0330C,2026,413.94000000000005,373.7088623046875,0.503499448299408,329.0,413.94000000000005,134.5028839111328
TS0330C,2026,403.94000000000005,363.4944458007813,0.503098726272583,339.0,403.94000000000005,135.96266174316406
TS0330C,2026,393.94000000000005,354.2713623046875,0.5027153491973877,349.0,393.94000000000005,137.22850036621094
TS0330C,2026,383.94000000000005,344.66064453125,0.5023378133773804,359.0,383.94000000000005,139.22059631347656
TS0330C,2026,373.94000000000005,335.3580322265625,0.5019928216934204,369.0,373.94000000000005,140.29046630859375
TS0330C,2026,363.94000000000005,326.9086608886719,0.5016882419586182,379.0,363.94000000000005,141.3306427001953
TS0330C,2026,353.94000000000005,317.1904602050781,0.5013648271560669,389.0,353.94000000000005,142.3470458984375
TS0330C,2026,343.94000000000005,306.75848388671875,0.5010768175125122,399.0,343.94000000000005,143.68984985351562
TS0330C,2026,333.94000000000005,297.41473388671875,0.5007991790771484,409.0,333.94000000000005,145.3289337158203
TS0330C,2026,323.94000000000005,290.6180725097656,0.5005320906639099,419.0,323.94000000000005,146.2860107421875
TS0330C,2026,313.94000000000005,284.4025573730469,0.5003100633621216,429.0,313.94000000000005,146.98448181152344
TS0330C,2026,303.94000000000005,276.45733642578125,0.5001050233840942,439.0,303.94000000000005,146.98448181152344
TS0330C,2026,293.94000000000005,266.9141540527344,0.499876320362091,449.0,293.94000000000005,146.98448181152344
TS0330C,2026,283.94000000000005,258.0911560058594,0.4996986091136932,459.0,283.94000000000005,147.70872497558594
TS0330C,2026,273.94000000000005,248.7010955810547,0.4995214641094208,469.0,273.94000000000005,149.315185546875
TS0330C,2027,593.94,565.9158325195312,0.4979901313781738,149.0,593.94,74.46017456054688
TS0330C,2027,583.94,559.6316528320312,0.4978329241275787,159.0,583.94,79.30834197998047
TS0330C,2027,573.94,553.7598876953125,0.497671514749527,169.0,573.94,84.26752471923828
TS0330C,2027,563.94,548.1995849609375,0.4975124895572662,179.0,563.94,89.75813293457031
TS0330C,2027,553.94,542.7520141601562,0.4973579049110412,189.0,553.94,94.46733856201172
TS0330C,2027,543.94,537.765869140625,0.4972116351127624,199.0,543.94,98.70768737792967
TS0330C,2027,533.94,532.451904296875,0.4970744550228119,209.0,533.94,103.00598907470705
TS0330C,2027,523.94,526.6840209960938,0.4969468712806701,219.0,523.94,106.93230438232422
TS0330C,2027,513.94,520.7924194335938,0.4968299865722656,229.0,513.94,110.30631256103516
TS0330C,2027,503.94000000000005,513.830078125,0.4967226982116699,239.0,503.94000000000005,114.1726531982422
TS0330C,2027,493.94000000000005,505.1959838867188,0.4966248273849487,249.0,493.94000000000005,116.99776458740234
TS0330C,2027,483.94000000000005,496.0683288574219,0.496533066034317,259.0,483.94000000000005,119.64703369140624
TS0330C,2027,473.94000000000005,487.099609375,0.4964489936828613,269.0,473.94000000000005,122.62378692626952
TS0330C,2027,463.94000000000005,478.0632629394531,0.4963689148426056,279.0,463.94000000000005,124.88540649414062
TS0330C,2027,453.94000000000005,468.0714416503906,0.4962937235832214,289.0,453.94000000000005,127.24746704101562
TS0330C,2027,443.94000000000005,457.8409118652344,0.4962225556373596,299.0,443.94000000000005,129.6749725341797
TS0330C,2027,433.94000000000005,449.74359130859375,0.4961540699005127,309.0,433.94000000000005,131.12374877929688
TS0330C,2027,423.94000000000005,441.958251953125,0.4960895180702209,319.0,423.94000000000005,132.47474670410156
TS0330C,2027,413.94000000000005,432.2518005371094,0.4960291683673858,329.0,413.94000000000005,134.5028839111328
TS0330C,2027,403.94000000000005,422.0387878417969,0.4959737658500671,339.0,403.94000000000005,135.96266174316406
TS0330C,2027,393.94000000000005,412.7112731933594,0.4959217607975006,349.0,393.94000000000005,137.22850036621094
TS0330C,2027,383.94000000000005,402.29730224609375,0.4958752989768982,359.0,383.94000000000005,139.22059631347656
TS0330C,2027,373.94000000000005,391.6715393066406,0.4958310425281524,369.0,373.94000000000005,140.29046630859375
TS0330C,2027,363.94000000000005,381.9331970214844,0.4957888722419739,379.0,363.94000000000005,141.3306427001953
TS0330C,2027,353.94000000000005,371.0651550292969,0.4957556426525116,389.0,353.94000000000005,142.3470458984375
TS0330C,2027,343.94000000000005,357.8787841796875,0.4957233369350433,399.0,343.94000000000005,143.68984985351562
TS0330C,2027,333.94000000000005,345.2216186523437,0.495695024728775,409.0,333.94000000000005,145.3289337158203
TS0330C,2027,323.94000000000005,337.4414978027344,0.4956709146499634,419.0,323.94000000000005,146.2860107421875
TS0330C,2027,313.94000000000005,330.9368896484375,0.495643138885498,429.0,313.94000000000005,146.98448181152344
TS0330C,2027,303.94000000000005,320.0907897949219,0.4956184029579162,439.0,303.94000000000005,146.98448181152344
TS0330C,2027,293.94000000000005,302.5966796875,0.4956033527851105,449.0,293.94000000000005,146.98448181152344
TS0330C,2027,283.94000000000005,284.9159240722656,0.495586484670639,459.0,283.94000000000005,147.70872497558594
TS0330C,2027,273.94000000000005,262.41265869140625,0.4955713450908661,469.0,273.94000000000005,149.315185546875
TS0330C,2028,593.94,558.9934692382812,0.4874079525470733,149.0,593.94,74.46017456054688
TS0330C,2028,583.94,551.0059204101562,0.4881934821605682,159.0,583.94,79.30834197998047
TS0330C,2028,573.94,543.2911376953125,0.4890289008617401,169.0,573.94,84.26752471923828
TS0330C,2028,563.94,534.7796630859375,0.4898768961429596,179.0,563.94,89.75813293457031
TS0330C,2028,553.94,526.2510986328125,0.4907302856445312,189.0,553.94,94.46733856201172
TS0330C,2028,543.94,516.3597412109375,0.4915454983711242,199.0,543.94,98.70768737792967
TS0330C,2028,533.94,505.7588806152344,0.4923413097858429,209.0,533.94,103.00598907470705
TS0330C,2028,523.94,494.2003479003906,0.493093878030777,219.0,523.94,106.93230438232422
TS0330C,2028,513.94,482.458984375,0.4938044548034668,229.0,513.94,110.30631256103516
TS0330C,2028,503.94000000000005,472.5217895507813,0.4944655001163482,239.0,503.94000000000005,114.1726531982422
TS0330C,2028,493.94000000000005,461.97161865234375,0.495066225528717,249.0,493.94000000000005,116.99776458740234
TS0330C,2028,483.94000000000005,452.9886169433594,0.4956265389919281,259.0,483.94000000000005,119.64703369140624
TS0330C,2028,473.94000000000005,443.0849304199219,0.4961132407188415,269.0,473.94000000000005,122.62378692626952
TS0330C,2028,463.94000000000005,432.5460815429688,0.4965578615665436,279.0,463.94000000000005,124.88540649414062
TS0330C,2028,453.94000000000005,421.8916320800781,0.4969408810138702,289.0,453.94000000000005,127.24746704101562
TS0330C,2028,443.94000000000005,411.3950500488281,0.4972704648971557,299.0,443.94000000000005,129.6749725341797
TS0330C,2028,433.94000000000005,401.7481994628906,0.4975557625293731,309.0,433.94000000000005,131.12374877929688
TS0330C,2028,423.94000000000005,392.7763366699219,0.4977970123291015,319.0,423.94000000000005,132.47474670410156
TS0330C,2028,413.94000000000005,383.81634521484375,0.4979965090751648,329.0,413.94000000000005,134.5028839111328
TS0330C,2028,403.94000000000005,375.9496154785156,0.4981580972671509,339.0,403.94000000000005,135.96266174316406
TS0330C,2028,393.94000000000005,366.1241455078125,0.4982915222644806,349.0,393.94000000000005,137.22850036621094
TS0330C,2028,383.94000000000005,356.8762512207031,0.4983927309513092,359.0,383.94000000000005,139.22059631347656
TS0330C,2028,373.94000000000005,344.7756042480469,0.4984761476516723,369.0,373.94000000000005,140.29046630859375
TS0330C,2028,363.94000000000005,332.1517028808594,0.4985450208187103,379.0,363.94000000000005,141.3306427001953
TS0330C,2028,353.94000000000005,318.5002746582031,0.4985856711864471,389.0,353.94000000000005,142.3470458984375
TS0330C,2028,343.94000000000005,299.86993408203125,0.4986194968223572,399.0,343.94000000000005,143.68984985351562
TS0330C,2028,333.94000000000005,285.5689392089844,0.4986395537853241,409.0,333.94000000000005,145.3289337158203
TS0330C,2028,323.94000000000005,279.9144287109375,0.4986468851566314,419.0,323.94000000000005,146.2860107421875
TS0330C,2028,313.94000000000005,272.0614929199219,0.4986585080623626,429.0,313.94000000000005,146.98448181152344
TS0330C,2028,303.94000000000005,261.1288146972656,0.4986646771430969,439.0,303.94000000000005,146.98448181152344
TS0330C,2028,293.94000000000005,250.9954376220703,0.4986529350280761,449.0,293.94000000000005,146.98448181152344
TS0330C,2028,283.94000000000005,243.71983337402344,0.4986468851566314,459.0,283.94000000000005,147.70872497558594
TS0330C,2028,273.94000000000005,234.3567657470703,0.4986359477043152,469.0,273.94000000000005,149.315185546875
TS0330D,2026,543.01,536.6909790039062,0.5064888596534729,153.0,543.01,76.90185546875
TS0330D,2026,533.01,530.1138305664062,0.5065615177154541,163.0,533.01,82.7707748413086
TS0330D,2026,523.01,522.38134765625,0.5066100358963013,173.0,523.01,87.55040740966797
TS0330D,2026,513.01,513.3616943359375,0.5066163539886475,183.0,513.01,92.59562683105467
TS0330D,2026,503.01,503.59027099609375,0.5065773725509644,193.0,503.01,97.26889038085938
TS0330D,2026,493.01,493.6717529296875,0.5064975023269653,203.0,493.01,101.70340728759766
TS0330D,2026,483.01,483.4745788574219,0.5063702464103699,213.0,483.01,105.84406280517578
TS0330D,2026,473.01,473.3759460449219,0.5061944723129272,223.0,473.01,110.36576080322266
TS0330D,2026,463.01,463.3478393554688,0.5059788227081299,233.0,463.01,113.51105499267578
TS0330D,2026,453.01,453.0580139160156,0.5057246088981628,243.0,453.01,116.59680938720705
TS0330D,2026,443.01,442.1849670410156,0.5054315328598022,253.0,443.01,119.74480438232422
TS0330D,2026,433.01,430.9869079589844,0.5051198601722717,263.0,433.01,121.71876525878906
TS0330D,2026,423.01,419.0065612792969,0.5047866702079773,273.0,423.01,124.5361785888672
TS0330D,2026,413.01,407.2327270507813,0.5044340491294861,283.0,413.01,127.21186065673828
TS0330D,2026,403.01,395.13519287109375,0.50407475233078,293.0,403.01,128.7517547607422
TS0330D,2026,393.01,382.1023864746094,0.5037118792533875,303.0,393.01,131.17483520507812
TS0330D,2026,383.01,369.3503112792969,0.5033504962921143,313.0,383.01,132.49134826660156
TS0330D,2026,373.01,356.0447082519531,0.5029977560043335,323.0,373.01,134.45181274414062
TS0330D,2026,363.01,343.2732238769531,0.5026518702507019,333.0,363.01,135.8919219970703
TS0330D,2026,353.01,330.79150390625,0.5023159980773926,343.0,353.01,137.00491333007812
TS0330D,2026,343.01,318.7769775390625,0.5020031929016113,353.0,343.01,139.06761169433594
TS0330D,2026,333.01,307.0963134765625,0.5017015933990479,363.0,333.01,140.1003875732422
TS0330D,2026,323.01,295.80615234375,0.5014095902442932,373.0,323.01,141.108154296875
TS0330D,2026,313.01,284.6044311523437,0.5011389851570129,383.0,313.01,142.1940460205078
TS0330D,2026,303.01,273.2615661621094,0.5008693933486938,393.0,303.01,144.07130432128906
TS0330D,2026,293.01,263.9263916015625,0.5006091594696045,403.0,293.01,145.03469848632812
TS0330D,2026,283.01,255.7890167236328,0.5003681778907776,413.0,283.01,145.99063110351562
TS0330D,2026,273.01,248.3468017578125,0.5001259446144104,423.0,273.01,147.5864715576172
TS0330D,2026,263.01,240.6046600341797,0.4998984038829803,433.0,263.01,148.0
TS0330D,2026,253.01,232.73931884765625,0.4996790289878845,443.0,253.01,148.13250732421875
TS0330D,2026,243.01,224.99542236328125,0.4994830787181854,453.0,243.01,148.86180114746094
TS0330D,2026,233.01,216.03614807128903,0.4992944598197937,463.0,233.01,149.98110961914062
TS0330D,2027,543.01,548.4555053710938,0.4985065460205078,153.0,543.01,76.90185546875
TS0330D,2027,533.01,538.7164306640625,0.4983923137187958,163.0,533.01,82.7707748413086
TS0330D,2027,523.01,528.553466796875,0.4982733726501465,173.0,523.01,87.55040740966797
TS0330D,2027,513.01,518.8296508789062,0.4981690645217895,183.0,513.01,92.59562683105467
TS0330D,2027,503.01,508.9351501464844,0.4980725646018982,193.0,503.01,97.26889038085938
TS0330D,2027,493.01,498.9468688964844,0.4979696571826935,203.0,493.01,101.70340728759766
TS0330D,2027,483.01,488.5148010253906,0.4978722929954529,213.0,483.01,105.84406280517578
TS0330D,2027,473.01,480.316162109375,0.4977831244468689,223.0,473.01,110.36576080322266
TS0330D,2027,463.01,471.4608154296875,0.4976893663406372,233.0,463.01,113.51105499267578
TS0330D,2027,453.01,463.0045776367188,0.497599720954895,243.0,453.01,116.59680938720705
TS0330D,2027,443.01,453.6477966308594,0.4975266754627228,253.0,443.01,119.74480438232422
TS0330D,2027,433.01,443.3417053222656,0.4974465370178222,263.0,433.01,121.71876525878906
TS0330D,2027,423.01,432.9530334472656,0.4973751008510589,273.0,423.01,124.5361785888672
TS0330D,2027,413.01,422.9991760253906,0.4973131418228149,283.0,413.01,127.21186065673828
TS0330D,2027,403.01,413.5313415527344,0.4972464144229889,293.0,403.01,128.7517547607422
TS0330D,2027,393.01,402.114501953125,0.4971854388713836,303.0,393.01,131.17483520507812
TS0330D,2027,383.01,391.8679809570313,0.4971294701099396,313.0,383.01,132.49134826660156
TS0330D,2027,373.01,379.3079223632813,0.497078537940979,323.0,373.01,134.45181274414062
TS0330D,2027,363.01,367.8690490722656,0.4970310628414154,333.0,363.01,135.8919219970703
TS0330D,2027,353.01,354.82098388671875,0.4969967007637024,343.0,353.01,137.00491333007812
TS0330D,2027,343.01,341.3429870605469,0.4969483315944671,353.0,343.01,139.06761169433594
TS0330D,2027,333.01,330.4638366699219,0.4969017505645752,363.0,333.01,140.1003875732422
TS0330D,2027,323.01,317.4691467285156,0.4968644380569458,373.0,323.01,141.108154296875
TS0330D,2027,313.01,303.1319274902344,0.4968161284923553,383.0,313.01,142.1940460205078
TS0330D,2027,303.01,288.30499267578125,0.496782511472702,393.0,303.01,144.07130432128906
TS0330D,2027,293.01,277.3807373046875,0.4967507719993591,403.0,293.01,145.03469848632812
TS0330D,2027,283.01,265.0361633300781,0.4967072904109955,413.0,283.01,145.99063110351562
TS0330D,2027,273.01,252.6859436035156,0.4966783225536346,423.0,273.01,147.5864715576172
TS0330D,2027,263.01,243.0476837158203,0.4966366589069366,433.0,263.01,148.0
TS0330D,2027,253.01,230.7802276611328,0.4966094195842743,443.0,253.01,148.13250732421875
TS0330D,2027,243.01,218.56724548339844,0.4965772926807403,453.0,243.01,148.86180114746094
TS0330D,2027,233.01,204.2659149169922,0.4965457022190094,463.0,233.01,149.98110961914062
TS0330D,2028,543.01,524.6114501953125,0.4939867556095123,153.0,543.01,76.90185546875
TS0330D,2028,533.01,520.297119140625,0.4943107664585113,163.0,533.01,82.7707748413086
TS0330D,2028,523.01,515.1421508789062,0.49465212225914,173.0,523.01,87.55040740966797
TS0330D,2028,513.01,508.8218383789063,0.4949841797351837,183.0,513.01,92.59562683105467
TS0330D,2028,503.01,501.9975891113281,0.4953030049800873,193.0,503.01,97.26889038085938
TS0330D,2028,493.01,494.68695068359375,0.4956184327602386,203.0,493.01,101.70340728759766
TS0330D,2028,483.01,486.3562927246094,0.4959161579608917,213.0,483.01,105.84406280517578
TS0330D,2028,473.01,477.8377685546875,0.4961867928504944,223.0,473.01,110.36576080322266
TS0330D,2028,463.01,468.80413818359375,0.496441900730133,233.0,463.01,113.51105499267578
TS0330D,2028,453.01,459.3475341796875,0.4966702461242676,243.0,453.01,116.59680938720705
TS0330D,2028,443.01,449.8612365722656,0.4968565106391907,253.0,443.01,119.74480438232422
TS0330D,2028,433.01,440.1260986328125,0.4970250427722931,263.0,433.01,121.71876525878906
TS0330D,2028,423.01,430.1865539550781,0.4971601665019989,273.0,423.01,124.5361785888672
TS0330D,2028,413.01,420.1239929199219,0.4972601234912872,283.0,413.01,127.21186065673828
TS0330D,2028,403.01,409.68109130859375,0.4973416626453399,293.0,403.01,128.7517547607422
TS0330D,2028,393.01,398.3907165527344,0.497395396232605,303.0,393.01,131.17483520507812
TS0330D,2028,383.01,386.2915954589844,0.4974235594272613,313.0,383.01,132.49134826660156
TS0330D,2028,373.01,373.9639587402344,0.497429609298706,323.0,373.01,134.45181274414062
TS0330D,2028,363.01,361.67083740234375,0.4974157512187958,333.0,363.01,135.8919219970703
TS0330D,2028,353.01,349.2113952636719,0.4973773956298828,343.0,353.01,137.00491333007812
TS0330D,2028,343.01,336.9513854980469,0.497342973947525,353.0,343.01,139.06761169433594
TS0330D,2028,333.01,325.5358581542969,0.4972976744174957,363.0,333.01,140.1003875732422
TS0330D,2028,323.01,313.60137939453125,0.4972381293773651,373.0,323.01,141.108154296875
TS0330D,2028,313.01,298.8358459472656,0.4971864521503448,383.0,313.01,142.1940460205078
TS0330D,2028,303.01,283.58843994140625,0.4971140921115875,393.0,303.01,144.07130432128906
TS0330D,2028,293.01,269.5458374023437,0.4970352053642273,403.0,293.01,145.03469848632812
TS0330D,2028,283.01,255.2669219970703,0.4969668984413147,413.0,283.01,145.99063110351562
TS0330D,2028,273.01,243.1033935546875,0.4968814551830292,423.0,273.01,147.5864715576172
TS0330D,2028,263.01,230.8837432861328,0.4968056082725525,433.0,263.01,148.0
TS0330D,2028,253.01,220.44065856933597,0.4967215657234192,443.0,253.01,148.13250732421875
TS0330D,2028,243.01,211.1010589599609,0.4966489970684051,453.0,243.01,148.86180114746094
TS0330D,2028,233.01,200.67453002929688,0.4965748786926269,463.0,233.01,149.98110961914062
TS0330E,2026,526.8,534.3280029296875,0.5038537979125977,154.0,526.8,70.93351745605469
TS0330E,2026,516.8,526.0826416015625,0.503874659538269,164.0,516.8,75.40887451171875
TS0330E,2026,506.8,516.6238403320312,0.5038718581199646,174.0,506.8,79.80997467041016
TS0330E,2026,496.8,508.2322998046875,0.5038421750068665,184.0,496.8,84.11810302734375
TS0330E,2026,486.8,499.10748291015625,0.5037806034088135,194.0,486.8,88.2852783203125
TS0330E,2026,476.8,489.3677062988281,0.5036818385124207,204.0,476.8,92.26763916015624
TS0330E,2026,466.8,479.5401916503906,0.5035517811775208,214.0,466.8,96.0389175415039
TS0330E,2026,456.8,469.6279296875,0.503386914730072,224.0,456.8,99.20207977294922
TS0330E,2026,446.8,459.1305541992188,0.503189742565155,234.0,446.8,101.98439025878906
TS0330E,2026,436.8,448.7060241699219,0.5029622912406921,244.0,436.8,105.20977783203124
TS0330E,2026,426.8,438.3208312988281,0.5027086734771729,254.0,426.8,108.30730438232422
TS0330E,2026,416.8,428.2717895507813,0.5024319291114807,264.0,416.8,110.55864715576172
TS0330E,2026,406.8,418.9771423339844,0.5021296739578247,274.0,406.8,113.2586898803711
TS0330E,2026,396.8,409.9861145019531,0.5018045902252197,284.0,396.8,115.86083221435548
TS0330E,2026,386.8,401.4260864257813,0.5014663934707642,294.0,386.8,117.95970153808594
TS0330E,2026,376.8,393.4009094238281,0.5011137127876282,304.0,376.8,120.01214599609376
TS0330E,2026,366.8,385.5183715820313,0.5007486939430237,314.0,366.8,122.4342269897461
TS0330E,2026,356.79999999999995,378.1614685058594,0.5003775954246521,324.0,356.79999999999995,123.79227447509766
TS0330E,2026,346.79999999999995,370.4874267578125,0.500002920627594,334.0,346.79999999999995,126.0856704711914
TS0330E,2026,336.79999999999995,362.1661987304688,0.4996206164360046,344.0,336.79999999999995,127.3207015991211
TS0330E,2026,326.79999999999995,353.7119140625,0.499242901802063,354.0,326.79999999999995,128.5108642578125
TS0330E,2026,316.79999999999995,345.0436096191406,0.4988733530044555,364.0,316.79999999999995,129.65806579589844
TS0330E,2026,306.79999999999995,336.196044921875,0.4985082745552063,374.0,306.79999999999995,131.53857421875
TS0330E,2026,296.79999999999995,327.6639709472656,0.4981398284435272,384.0,296.79999999999995,132.86529541015625
TS0330E,2026,286.79999999999995,319.7395935058594,0.4977809488773346,394.0,286.79999999999995,133.92237854003906
TS0330E,2026,276.79999999999995,311.9256591796875,0.497434914112091,404.0,276.79999999999995,134.9080352783203
TS0330E,2026,266.79999999999995,302.3260803222656,0.4971044659614563,414.0,266.79999999999995,135.0
TS0330E,2026,256.79999999999995,292.8133544921875,0.4968025088310241,424.0,256.79999999999995,135.8437042236328
TS0330E,2026,246.79999999999995,283.46051025390625,0.4965172708034515,434.0,246.79999999999995,136.8767852783203
TS0330E,2026,236.79999999999995,274.4630126953125,0.4962405860424042,444.0,236.79999999999995,137.95785522460938
TS0330E,2026,226.79999999999995,267.1571044921875,0.4959631264209747,454.0,226.79999999999995,140.03733825683594
TS0330E,2026,216.79999999999995,262.0674743652344,0.4956808388233185,464.0,216.79999999999995,141.11325073242188
TS0330E,2026,206.79999999999995,256.99420166015625,0.4953941404819488,474.0,206.79999999999995,142.187744140625
TS0330E,2026,196.79999999999995,250.013916015625,0.4951066672801971,484.0,196.79999999999995,143.30052185058594
TS0330E,2026,186.79999999999995,242.78497314453125,0.4948177337646484,494.0,186.79999999999995,145.42347717285156
TS0330E,2026,176.79999999999995,238.4806060791016,0.4945137500762939,504.0,176.79999999999995,146.96832275390625
TS0330E,2026,166.79999999999995,236.3998107910156,0.4942013323307037,514.0,166.79999999999995,147.73289489746094
TS0330E,2026,156.79999999999995,234.86741638183597,0.4938865602016449,524.0,156.79999999999995,148.5361328125
TS0330E,2026,146.79999999999995,231.0881500244141,0.4935624301433563,534.0,146.79999999999995,149.963134765625
TS0330E,2027,526.8,530.813720703125,0.5007047653198242,154.0,526.8,70.93351745605469
TS0330E,2027,516.8,523.11279296875,0.5005790591239929,164.0,516.8,75.40887451171875
TS0330E,2027,506.8,514.40380859375,0.5004419684410095,174.0,506.8,79.80997467041016
TS0330E,2027,496.8,505.5882568359375,0.5002973079681396,184.0,496.8,84.11810302734375
TS0330E,2027,486.8,496.2970581054688,0.5001461505889893,194.0,486.8,88.2852783203125
TS0330E,2027,476.8,486.8822326660156,0.4999860525131225,204.0,476.8,92.26763916015624
TS0330E,2027,466.8,477.5458984375,0.4998246431350708,214.0,466.8,96.0389175415039
TS0330E,2027,456.8,467.8044738769531,0.4996595084667206,224.0,456.8,99.20207977294922
TS0330E,2027,446.8,457.62213134765625,0.4994919598102569,234.0,446.8,101.98439025878906
TS0330E,2027,436.8,447.5740661621094,0.4993242919445038,244.0,436.8,105.20977783203124
TS0330E,2027,426.8,437.5994567871094,0.4991577863693237,254.0,426.8,108.30730438232422
TS0330E,2027,416.8,428.21917724609375,0.4989944100379944,264.0,416.8,110.55864715576172
TS0330E,2027,406.8,419.5083312988281,0.4988298118114471,274.0,406.8,113.2586898803711
TS0330E,2027,396.8,411.3402099609375,0.4986655414104461,284.0,396.8,115.86083221435548
TS0330E,2027,386.8,402.9248962402344,0.4985048472881317,294.0,386.8,117.95970153808594
TS0330E,2027,376.8,394.8673400878906,0.4983471035957336,304.0,376.8,120.01214599609376
TS0330E,2027,366.8,386.9177551269531,0.4981918036937713,314.0,366.8,122.4342269897461
TS0330E,2027,356.79999999999995,379.19244384765625,0.4980403780937195,324.0,356.79999999999995,123.79227447509766
TS0330E,2027,346.79999999999995,370.6643676757813,0.497893363237381,334.0,346.79999999999995,126.0856704711914
TS0330E,2027,336.79999999999995,362.7298583984375,0.4977464973926544,344.0,336.79999999999995,127.3207015991211
TS0330E,2027,326.79999999999995,354.4069519042969,0.4976036846637726,354.0,326.79999999999995,128.5108642578125
TS0330E,2027,316.79999999999995,345.2127380371094,0.4974689781665802,364.0,316.79999999999995,129.65806579589844
TS0330E,2027,306.79999999999995,336.09210205078125,0.4973390698432922,374.0,306.79999999999995,131.53857421875
TS0330E,2027,296.79999999999995,328.3102111816406,0.4972076714038849,384.0,296.79999999999995,132.86529541015625
TS0330E,2027,286.79999999999995,321.1287536621094,0.4970836341381073,394.0,286.79999999999995,133.92237854003906
TS0330E,2027,276.79999999999995,313.6105041503906,0.4969659447669983,404.0,276.79999999999995,134.9080352783203
TS0330E,2027,266.79999999999995,304.9454650878906,0.4968540966510772,414.0,266.79999999999995,135.0
TS0330E,2027,256.79999999999995,295.32086181640625,0.496752917766571,424.0,256.79999999999995,135.8437042236328
TS0330E,2027,246.79999999999995,285.8695068359375,0.496659904718399,434.0,246.79999999999995,136.8767852783203
TS0330E,2027,236.79999999999995,278.6803283691406,0.4965657889842987,444.0,236.79999999999995,137.95785522460938
TS0330E,2027,226.79999999999995,273.1695251464844,0.4964763522148132,454.0,226.79999999999995,140.03733825683594
TS0330E,2027,216.79999999999995,270.6855773925781,0.4963810443878174,464.0,216.79999999999995,141.11325073242188
TS0330E,2027,206.79999999999995,268.16748046875,0.4962843656539917,474.0,206.79999999999995,142.187744140625
TS0330E,2027,196.79999999999995,263.6921081542969,0.4961870014667511,484.0,196.79999999999995,143.30052185058594
TS0330E,2027,186.79999999999995,259.0664367675781,0.4960931241512298,494.0,186.79999999999995,145.42347717285156
TS0330E,2027,176.79999999999995,257.5350646972656,0.4959904253482818,504.0,176.79999999999995,146.96832275390625
TS0330E,2027,166.79999999999995,258.1068725585937,0.4958843290805816,514.0,166.79999999999995,147.73289489746094
TS0330E,2027,156.79999999999995,256.7294006347656,0.4957781136035919,524.0,156.79999999999995,148.5361328125
TS0330E,2027,146.79999999999995,253.2521209716797,0.4956631958484649,534.0,146.79999999999995,149.963134765625
TS0330E,2028,526.8,518.60791015625,0.4959114789962768,154.0,526.8,70.93351745605469
TS0330E,2028,516.8,512.3569946289062,0.4961711466312408,164.0,516.8,75.40887451171875
TS0330E,2028,506.8,505.49359130859375,0.4964411854743957,174.0,506.8,79.80997467041016
TS0330E,2028,496.8,497.9185485839844,0.4967055320739746,184.0,496.8,84.11810302734375
TS0330E,2028,486.8,489.6645812988281,0.4969595670700073,194.0,486.8,88.2852783203125
TS0330E,2028,476.8,481.2413330078125,0.4972133934497833,204.0,476.8,92.26763916015624
TS0330E,2028,466.8,472.3599243164063,0.4974386096000671,214.0,466.8,96.0389175415039
TS0330E,2028,456.8,463.3121948242188,0.4976525902748108,224.0,456.8,99.20207977294922
TS0330E,2028,446.8,454.2614440917969,0.4978489279747009,234.0,446.8,101.98439025878906
TS0330E,2028,436.8,445.2390747070313,0.4980266988277435,244.0,436.8,105.20977783203124
TS0330E,2028,426.8,436.478759765625,0.498181402683258,254.0,426.8,108.30730438232422
TS0330E,2028,416.8,427.9339599609375,0.498310387134552,264.0,416.8,110.55864715576172
TS0330E,2028,406.8,419.7778930664063,0.4984302520751953,274.0,406.8,113.2586898803711
TS0330E,2028,396.8,411.5252075195313,0.4985352456569671,284.0,396.8,115.86083221435548
TS0330E,2028,386.8,403.1354370117188,0.4986233711242676,294.0,386.8,117.95970153808594
TS0330E,2028,376.8,394.7908630371094,0.4986974000930786,304.0,376.8,120.01214599609376
TS0330E,2028,366.8,386.3716735839844,0.4987586140632629,314.0,366.8,122.4342269897461
TS0330E,2028,356.79999999999995,377.9804992675781,0.498808205127716,324.0,356.79999999999995,123.79227447509766
TS0330E,2028,346.79999999999995,370.1048278808594,0.4988482892513275,334.0,346.79999999999995,126.0856704711914
TS0330E,2028,336.79999999999995,361.9539794921875,0.4988839030265808,344.0,336.79999999999995,127.3207015991211
TS0330E,2028,326.79999999999995,353.3779602050781,0.4989176392555237,354.0,326.79999999999995,128.5108642578125
TS0330E,2028,316.79999999999995,345.3248596191406,0.4989389777183532,364.0,316.79999999999995,129.65806579589844
TS0330E,2028,306.79999999999995,336.9926452636719,0.498952180147171,374.0,306.79999999999995,131.53857421875
TS0330E,2028,296.79999999999995,328.3381042480469,0.498967707157135,384.0,296.79999999999995,132.86529541015625
TS0330E,2028,286.79999999999995,319.9297180175781,0.4989735782146454,394.0,286.79999999999995,133.92237854003906
TS0330E,2028,276.79999999999995,312.4166564941406,0.4989768266677856,404.0,276.79999999999995,134.9080352783203
TS0330E,2028,266.79999999999995,303.8960266113281,0.4989778399467468,414.0,266.79999999999995,135.0
TS0330E,2028,256.79999999999995,296.2538146972656,0.4989766776561737,424.0,256.79999999999995,135.8437042236328
TS0330E,2028,246.79999999999995,288.9930114746094,0.4989686608314514,434.0,246.79999999999995,136.8767852783203
TS0330E,2028,236.79999999999995,281.93023681640625,0.4989694356918335,444.0,236.79999999999995,137.95785522460938
TS0330E,2028,226.79999999999995,276.26300048828125,0.4989566802978515,454.0,226.79999999999995,140.03733825683594
TS0330E,2028,216.79999999999995,271.4644775390625,0.4989547431468963,464.0,216.79999999999995,141.11325073242188
TS0330E,2028,206.79999999999995,265.69482421875,0.4989520609378814,474.0,206.79999999999995,142.187744140625
TS0330E,2028,196.79999999999995,259.358642578125,0.4989484548568725,484.0,196.79999999999995,143.30052185058594
TS0330E,2028,186.79999999999995,254.1202392578125,0.4989331066608429,494.0,186.79999999999995,145.42347717285156
TS0330E,2028,176.79999999999995,250.90130615234372,0.4989252686500549,504.0,176.79999999999995,146.96832275390625
TS0330E,2028,166.79999999999995,249.5775451660156,0.4989183247089386,514.0,166.79999999999995,147.73289489746094
TS0330E,2028,156.79999999999995,248.8955535888672,0.4989117085933685,524.0,156.79999999999995,148.5361328125
TS0330E,2028,146.79999999999995,246.91647338867188,0.4989161193370819,534.0,146.79999999999995,149.963134765625
TS0330F,2026,515.35,510.5574340820313,0.5080219507217407,170.0,515.35,65.77061462402344
TS0330F,2026,505.35,510.9798889160156,0.5078771710395813,180.0,505.35,71.47561645507812
TS0330F,2026,495.35,510.4855041503906,0.5076954364776611,190.0,495.35,76.73949432373047
TS0330F,2026,485.35,508.2491149902344,0.5074753165245056,200.0,485.35,81.69855499267578
TS0330F,2026,475.35,503.4225463867188,0.5072160363197327,210.0,475.35,86.50389099121094
TS0330F,2026,465.35,495.4083557128906,0.5069203972816467,220.0,465.35,91.2280502319336
TS0330F,2026,455.35,484.3077697753906,0.5065920352935791,230.0,455.35,96.54005432128906
TS0330F,2026,445.35,467.5373229980469,0.5062367916107178,240.0,445.35,100.80262756347656
TS0330F,2026,435.35,456.3003540039063,0.5058629512786865,250.0,435.35,104.9010009765625
TS0330F,2026,425.35,449.3148193359375,0.5054774284362793,260.0,425.35,108.79034423828124
TS0330F,2026,415.35,439.9552917480469,0.5050872564315796,270.0,415.35,112.46266174316406
TS0330F,2026,405.35,428.7300720214844,0.5046990513801575,280.0,405.35,115.9157943725586
TS0330F,2026,395.35,416.2020568847656,0.5043213367462158,290.0,395.35,119.15299987792967
TS0330F,2026,385.35,402.406982421875,0.503959596157074,300.0,385.35,121.3952178955078
TS0330F,2026,375.35,387.4170227050781,0.5036175847053528,310.0,375.35,124.07464599609376
TS0330F,2026,365.35,372.6678161621094,0.5032986402511597,320.0,365.35,126.60621643066406
TS0330F,2026,355.35,358.9247131347656,0.5030035972595215,330.0,355.35,128.4095916748047
TS0330F,2026,345.35,345.573486328125,0.5027356147766113,340.0,345.35,129.91586303710938
TS0330F,2026,335.35,333.4265441894531,0.5024957656860352,350.0,335.35,131.65499877929688
TS0330F,2026,325.35,322.3114013671875,0.502278208732605,360.0,325.35,133.6687774658203
TS0330F,2026,315.35,312.54791259765625,0.5020824074745178,370.0,315.35,134.95059204101562
TS0330F,2026,305.35,304.1188049316406,0.501905083656311,380.0,305.35,137.17520141601562
TS0330F,2026,295.35,296.807861328125,0.5017447471618652,390.0,295.35,138.35731506347656
TS0330F,2026,285.35,290.9895935058594,0.5016016364097595,400.0,285.35,139.50538635253906
TS0330F,2026,275.35,285.640625,0.5014723539352417,410.0,275.35,140.62631225585938
TS0330F,2026,265.35,281.1009521484375,0.5013563632965088,420.0,265.35,141.72682189941406
TS0330F,2026,255.35,277.1522216796875,0.5012499094009399,430.0,255.35,143.6267547607422
TS0330F,2026,245.35,273.681640625,0.501147985458374,440.0,245.35,144.8397216796875
TS0330F,2026,235.35,271.237060546875,0.5010567903518677,450.0,235.35,145.0
TS0330F,2026,225.35,268.5888977050781,0.5009724497795105,460.0,225.35,145.64529418945312
TS0330F,2026,215.35,265.7771911621094,0.5008927583694458,470.0,215.35,146.5658721923828
TS0330F,2026,205.35,263.1478576660156,0.5008199214935303,480.0,205.35,147.5561065673828
TS0330F,2026,195.35,261.12652587890625,0.5007511973381042,490.0,195.35,149.2064208984375
TS0330F,2027,515.35,562.8634643554688,0.5006982088088989,170.0,515.35,65.77061462402344
TS0330F,2027,505.35,566.1747436523438,0.5005511045455933,180.0,505.35,71.47561645507812
TS0330F,2027,495.35,567.5615234375,0.5003844499588013,190.0,495.35,76.73949432373047
TS0330F,2027,485.35,565.6547241210938,0.5002034902572632,200.0,485.35,81.69855499267578
TS0330F,2027,475.35,559.8833618164062,0.5000207424163818,210.0,475.35,86.50389099121094
TS0330F,2027,465.35,551.1419067382812,0.4998357892036438,220.0,465.35,91.2280502319336
TS0330F,2027,455.35,539.5541381835938,0.4996523261070251,230.0,455.35,96.54005432128906
TS0330F,2027,445.35,524.57373046875,0.4994688332080841,240.0,445.35,100.80262756347656
TS0330F,2027,435.35,506.0105895996094,0.4992974102497101,250.0,435.35,104.9010009765625
TS0330F,2027,425.35,485.27825927734375,0.4991263151168823,260.0,425.35,108.79034423828124
TS0330F,2027,415.35,462.7868347167969,0.4989663064479828,270.0,415.35,112.46266174316406
TS0330F,2027,405.35,440.89984130859375,0.4988138079643249,280.0,405.35,115.9157943725586
TS0330F,2027,395.35,418.89947509765625,0.4986704885959625,290.0,395.35,119.15299987792967
TS0330F,2027,385.35,398.1407775878906,0.4985460042953491,300.0,385.35,121.3952178955078
TS0330F,2027,375.35,379.8824768066406,0.4984253346920013,310.0,375.35,124.07464599609376
TS0330F,2027,365.35,364.1177368164063,0.4983157217502594,320.0,365.35,126.60621643066406
TS0330F,2027,355.35,349.9191589355469,0.4982163310050964,330.0,355.35,128.4095916748047
TS0330F,2027,345.35,337.35906982421875,0.4981333315372467,340.0,345.35,129.91586303710938
TS0330F,2027,335.35,326.37799072265625,0.4980634450912475,350.0,335.35,131.65499877929688
TS0330F,2027,325.35,317.46685791015625,0.4979962706565857,360.0,325.35,133.6687774658203
TS0330F,2027,315.35,310.8271484375,0.497937947511673,370.0,315.35,134.95059204101562
TS0330F,2027,305.35,304.9699401855469,0.4978862702846527,380.0,305.35,137.17520141601562
TS0330F,2027,295.35,300.68505859375,0.4978404939174652,390.0,295.35,138.35731506347656
TS0330F,2027,285.35,296.8036193847656,0.4978015124797821,400.0,285.35,139.50538635253906
TS0330F,2027,275.35,293.3038330078125,0.4977672100067138,410.0,275.35,140.62631225585938
TS0330F,2027,265.35,290.3429260253906,0.4977295696735382,420.0,265.35,141.72682189941406
TS0330F,2027,255.35,287.7225341796875,0.4976982176303863,430.0,255.35,143.6267547607422
TS0330F,2027,245.35,285.8121337890625,0.4976716041564941,440.0,245.35,144.8397216796875
TS0330F,2027,235.35,284.5303039550781,0.4976371824741363,450.0,235.35,145.0
TS0330F,2027,225.35,282.80194091796875,0.4976055920124054,460.0,225.35,145.64529418945312
TS0330F,2027,215.35,280.5567932128906,0.4975813925266266,470.0,215.35,146.5658721923828
TS0330F,2027,205.35,278.4365539550781,0.4975614845752716,480.0,205.35,147.5561065673828
TS0330F,2027,195.35,277.1747131347656,0.4975361824035644,490.0,195.35,149.2064208984375
TS0330F,2028,515.35,516.9140625,0.5008017420768738,170.0,515.35,65.77061462402344
TS0330F,2028,505.35,523.6703491210938,0.5009666681289673,180.0,505.35,71.47561645507812
TS0330F,2028,495.35,530.1965942382812,0.5011460185050964,190.0,495.35,76.73949432373047
TS0330F,2028,485.35,534.5267944335938,0.5013306736946106,200.0,485.35,81.69855499267578
TS0330F,2028,475.35,536.6249389648438,0.5014922618865967,210.0,475.35,86.50389099121094
TS0330F,2028,465.35,536.2291870117188,0.5016356706619263,220.0,465.35,91.2280502319336
TS0330F,2028,455.35,532.8827514648438,0.5017551183700562,230.0,455.35,96.54005432128906
TS0330F,2028,445.35,527.4771118164062,0.501858115196228,240.0,445.35,100.80262756347656
TS0330F,2028,435.35,519.1041259765625,0.5019211769104004,250.0,435.35,104.9010009765625
TS0330F,2028,425.35,509.2764587402344,0.5019766688346863,260.0,425.35,108.79034423828124
TS0330F,2028,415.35,496.6846618652344,0.5020026564598083,270.0,415.35,112.46266174316406
TS0330F,2028,405.35,482.4706726074219,0.502012312412262,280.0,405.35,115.9157943725586
TS0330F,2028,395.35,466.9374694824219,0.5020073652267456,290.0,395.35,119.15299987792967
TS0330F,2028,385.35,450.1350402832031,0.5019679665565491,300.0,385.35,121.3952178955078
TS0330F,2028,375.35,433.3179321289063,0.5019333958625793,310.0,375.35,124.07464599609376
TS0330F,2028,365.35,415.97991943359375,0.5018875002861023,320.0,365.35,126.60621643066406
TS0330F,2028,355.35,399.5531921386719,0.501833975315094,330.0,355.35,128.4095916748047
TS0330F,2028,345.35,384.0946044921875,0.5017632246017456,340.0,345.35,129.91586303710938
TS0330F,2028,335.35,370.4215698242188,0.5016852617263794,350.0,335.35,131.65499877929688
TS0330F,2028,325.35,358.4300231933594,0.5016171336174011,360.0,325.35,133.6687774658203
TS0330F,2028,315.35,347.6808776855469,0.5015465021133423,370.0,315.35,134.95059204101562
TS0330F,2028,305.35,338.5135803222656,0.5014758706092834,380.0,305.35,137.17520141601562
TS0330F,2028,295.35,330.1915283203125,0.5014062523841858,390.0,295.35,138.35731506347656
TS0330F,2028,285.35,323.5152587890625,0.5013377666473389,400.0,285.35,139.50538635253906
TS0330F,2028,275.35,317.7319641113281,0.5012714862823486,410.0,275.35,140.62631225585938
TS0330F,2028,265.35,312.3643493652344,0.5012233257293701,420.0,265.35,141.72682189941406
TS0330F,2028,255.35,308.30108642578125,0.5011715292930603,430.0,255.35,143.6267547607422
TS0330F,2028,245.35,304.7249755859375,0.5011126399040222,440.0,245.35,144.8397216796875
TS0330F,2028,235.35,301.6419372558594,0.5010793209075928,450.0,235.35,145.0
TS0330F,2028,225.35,298.5786437988281,0.5010477900505066,460.0,225.35,145.64529418945312
TS0330F,2028,215.35,295.3597717285156,0.5010060667991638,470.0,215.35,146.5658721923828
TS0330F,2028,205.35,292.69488525390625,0.5009627342224121,480.0,205.35,147.5561065673828
TS0330F,2028,195.35,290.1736755371094,0.5009324550628662,490.0,195.35,149.2064208984375
TS0330G,2026,531.33,457.3820495605469,0.503342866897583,142.0,531.33,74.64769744873047
TS0330G,2026,521.33,450.8414611816406,0.5033559799194336,152.0,521.33,79.47016906738281
TS0330G,2026,511.33,443.3031311035156,0.5033534169197083,162.0,511.33,84.57661437988281
TS0330G,2026,501.33,434.5968627929688,0.5033131241798401,172.0,501.33,89.25751495361328
TS0330G,2026,491.33,425.4179382324219,0.503231406211853,182.0,491.33,93.638671875
TS0330G,2026,481.33,415.9208984375,0.5031184554100037,192.0,481.33,97.94121551513672
TS0330G,2026,471.33,406.2629089355469,0.5029715895652771,202.0,471.33,102.23834228515624
TS0330G,2026,461.33,396.4693603515625,0.5027888417243958,212.0,461.33,106.1636962890625
TS0330G,2026,451.33,386.1929626464844,0.5025704503059387,222.0,451.33,110.0755615234375
TS0330G,2026,441.33,376.983154296875,0.5023216009140015,232.0,441.33,113.82487487792967
TS0330G,2026,431.33,368.9303894042969,0.5020554661750793,242.0,431.33,117.39059448242188
TS0330G,2026,421.33,360.7804260253906,0.5017672777175903,252.0,421.33,120.75765228271484
TS0330G,2026,411.33,352.2187194824219,0.5014634132385254,262.0,411.33,123.83714294433594
TS0330G,2026,401.33,342.7005615234375,0.5011395215988159,272.0,401.33,126.7623062133789
TS0330G,2026,391.33,332.5607604980469,0.5008105635643005,282.0,391.33,128.66648864746094
TS0330G,2026,381.33,320.88824462890625,0.5004902482032776,292.0,381.33,130.61195373535156
TS0330G,2026,371.33,308.1048583984375,0.5001707673072815,302.0,371.33,132.82106018066406
TS0330G,2026,361.33,294.8759460449219,0.4998544454574585,312.0,361.33,135.2320098876953
TS0330G,2026,351.33000000000004,281.7135314941406,0.4995404481887817,322.0,351.33000000000004,136.56060791015625
TS0330G,2026,341.33000000000004,268.6354064941406,0.4992525279521942,332.0,341.33000000000004,137.8276824951172
TS0330G,2026,331.33000000000004,254.94805908203125,0.4989700317382812,342.0,331.33000000000004,140.04368591308594
TS0330G,2026,321.33000000000004,241.9800567626953,0.4986998736858368,352.0,321.33000000000004,141.1895751953125
TS0330G,2026,311.33000000000004,231.8706970214844,0.4984461963176727,362.0,311.33000000000004,142.30059814453125
TS0330G,2026,301.33000000000004,223.62599182128903,0.4982112348079681,372.0,301.33000000000004,143.37762451171875
TS0330G,2026,291.33000000000004,216.15745544433597,0.4979929327964782,382.0,291.33000000000004,144.0
TS0330G,2026,281.33000000000004,210.740966796875,0.4977973997592926,392.0,281.33000000000004,144.0
TS0330G,2026,271.33000000000004,205.75621032714844,0.4976339936256408,402.0,271.33000000000004,145.72406005859375
TS0330G,2026,261.33000000000004,200.1583404541016,0.4974668622016907,412.0,261.33000000000004,147.18873596191406
TS0330G,2026,251.33000000000004,197.7599334716797,0.4973071217536926,422.0,251.33000000000004,148.82769775390625
TS0330G,2026,241.33000000000004,196.8984222412109,0.4971561133861542,432.0,241.33000000000004,150.0
TS0330G,2026,231.33000000000004,195.54714965820312,0.4970559477806091,442.0,231.33000000000004,150.0
TS0330G,2027,531.33,503.6671447753906,0.4996021687984466,142.0,531.33,74.64769744873047
TS0330G,2027,521.33,487.1871948242188,0.4994880259037018,152.0,521.33,79.47016906738281
TS0330G,2027,511.33,471.7391357421875,0.4993642568588257,162.0,511.33,84.57661437988281
TS0330G,2027,501.33,455.9977111816406,0.4992547333240509,172.0,501.33,89.25751495361328
TS0330G,2027,491.33,439.7368774414063,0.4991621375083923,182.0,491.33,93.638671875
TS0330G,2027,481.33,422.669189453125,0.4990740120410919,192.0,481.33,97.94121551513672
TS0330G,2027,471.33,406.0484619140625,0.4989933967590332,202.0,471.33,102.23834228515624
TS0330G,2027,461.33,396.85107421875,0.498919814825058,212.0,461.33,106.1636962890625
TS0330G,2027,451.33,387.4331359863281,0.4988605082035064,222.0,451.33,110.0755615234375
TS0330G,2027,441.33,378.3974914550781,0.498812198638916,232.0,441.33,113.82487487792967
TS0330G,2027,431.33,369.98089599609375,0.4987582862377167,242.0,431.33,117.39059448242188
TS0330G,2027,421.33,360.8858947753906,0.4987092316150665,252.0,421.33,120.75765228271484
TS0330G,2027,411.33,352.0175170898437,0.498663455247879,262.0,411.33,123.83714294433594
TS0330G,2027,401.33,341.2870178222656,0.4986315369606018,272.0,401.33,126.7623062133789
TS0330G,2027,391.33,330.7745361328125,0.4986011087894439,282.0,391.33,128.66648864746094
TS0330G,2027,381.33,319.5191650390625,0.4985681176185608,292.0,381.33,130.61195373535156
TS0330G,2027,371.33,305.65362548828125,0.4985387921333313,302.0,371.33,132.82106018066406
TS0330G,2027,361.33,293.3677978515625,0.4985121786594391,312.0,361.33,135.2320098876953
TS0330G,2027,351.33000000000004,281.4821472167969,0.4984966218471527,322.0,351.33000000000004,136.56060791015625
TS0330G,2027,341.33000000000004,269.1649475097656,0.4984686970710754,332.0,341.33000000000004,137.8276824951172
TS0330G,2027,331.33000000000004,253.79022216796875,0.4984514117240906,342.0,331.33000000000004,140.04368591308594
TS0330G,2027,321.33000000000004,238.78677368164065,0.4984374940395355,352.0,321.33000000000004,141.1895751953125
TS0330G,2027,311.33000000000004,228.75079345703125,0.4984247386455536,362.0,311.33000000000004,142.30059814453125
TS0330G,2027,301.33000000000004,218.37474060058597,0.4984161853790283,372.0,301.33000000000004,143.37762451171875
TS0330G,2027,291.33000000000004,207.2827911376953,0.498408555984497,382.0,291.33000000000004,144.0
TS0330G,2027,281.33000000000004,198.55206298828125,0.4984058737754822,392.0,281.33000000000004,144.0
TS0330G,2027,271.33000000000004,190.0999755859375,0.4983844459056854,402.0,271.33000000000004,145.72406005859375
TS0330G,2027,261.33000000000004,177.91026306152344,0.4983705878257751,412.0,261.33000000000004,147.18873596191406
TS0330G,2027,251.33000000000004,174.58465576171875,0.4983587563037872,422.0,251.33000000000004,148.82769775390625
TS0330G,2027,241.33000000000004,175.80015563964844,0.4983595013618469,432.0,241.33000000000004,150.0
TS0330G,2027,231.33000000000004,177.9696044921875,0.4983496367931366,442.0,231.33000000000004,150.0
TS0330G,2028,531.33,473.75189208984375,0.5003098845481873,142.0,531.33,74.64769744873047
TS0330G,2028,521.33,463.9937133789063,0.5005508065223694,152.0,521.33,79.47016906738281
TS0330G,2028,511.33,453.5553283691406,0.5008084774017334,162.0,511.33,84.57661437988281
TS0330G,2028,501.33,442.4574890136719,0.5010396242141724,172.0,501.33,89.25751495361328
TS0330G,2028,491.33,431.4861755371094,0.5012331008911133,182.0,491.33,93.638671875
TS0330G,2028,481.33,420.3214721679688,0.501409113407135,192.0,481.33,97.94121551513672
TS0330G,2028,471.33,409.7334899902344,0.5015620589256287,202.0,471.33,102.23834228515624
TS0330G,2028,461.33,399.2682189941406,0.5016896724700928,212.0,461.33,106.1636962890625
TS0330G,2028,451.33,388.740478515625,0.501776397228241,222.0,451.33,110.0755615234375
TS0330G,2028,441.33,378.9072265625,0.5018311738967896,232.0,441.33,113.82487487792967
TS0330G,2028,431.33,369.4357604980469,0.5018791556358337,242.0,431.33,117.39059448242188
TS0330G,2028,421.33,360.28741455078125,0.5019043684005737,252.0,421.33,120.75765228271484
TS0330G,2028,411.33,350.760986328125,0.5019069910049438,262.0,411.33,123.83714294433594
TS0330G,2028,401.33,340.95294189453125,0.5018683075904846,272.0,401.33,126.7623062133789
TS0330G,2028,391.33,330.668701171875,0.501814603805542,282.0,391.33,128.66648864746094
TS0330G,2028,381.33,320.1918029785156,0.5017561316490173,292.0,381.33,130.61195373535156
TS0330G,2028,371.33,308.392822265625,0.5016831159591675,302.0,371.33,132.82106018066406
TS0330G,2028,361.33,295.6698913574219,0.5015981197357178,312.0,361.33,135.2320098876953
TS0330G,2028,351.33000000000004,282.7345886230469,0.5014891028404236,322.0,351.33000000000004,136.56060791015625
TS0330G,2028,341.33000000000004,269.8507995605469,0.5014011263847351,332.0,341.33000000000004,137.8276824951172
TS0330G,2028,331.33000000000004,256.6789245605469,0.5012941360473633,342.0,331.33000000000004,140.04368591308594
TS0330G,2028,321.33000000000004,243.2575836181641,0.5011845231056213,352.0,321.33000000000004,141.1895751953125
TS0330G,2028,311.33000000000004,231.16917419433597,0.5010746121406555,362.0,311.33000000000004,142.30059814453125
TS0330G,2028,301.33000000000004,221.73269653320312,0.5009658336639404,372.0,301.33000000000004,143.37762451171875
TS0330G,2028,291.33000000000004,214.7372131347656,0.5008604526519775,382.0,291.33000000000004,144.0
TS0330G,2028,281.33000000000004,210.3275604248047,0.5007587671279907,392.0,281.33000000000004,144.0
TS0330G,2028,271.33000000000004,206.9960784912109,0.5006961822509766,402.0,271.33000000000004,145.72406005859375
TS0330G,2028,261.33000000000004,203.03553771972656,0.500620424747467,412.0,261.33000000000004,147.18873596191406
TS0330G,2028,251.33000000000004,200.6029357910156,0.5005438923835754,422.0,251.33000000000004,148.82769775390625
TS0330G,2028,241.33000000000004,199.34408569335935,0.500453531742096,432.0,241.33000000000004,150.0
TS0330G,2028,231.33000000000004,198.231689453125,0.5004035234451294,442.0,231.33000000000004,150.0
TS0330H,2026,479.86,528.446044921875,0.5028842687606812,157.0,479.86,65.493408203125
TS0330H,2026,469.86,524.8562622070312,0.5028477311134338,167.0,469.86,69.71820831298828
TS0330H,2026,459.86,520.8124389648438,0.5027981400489807,177.0,459.86,73.9498062133789
TS0330H,2026,449.86,516.4692993164062,0.5027378797531128,187.0,449.86,78.2080307006836
TS0330H,2026,439.86,511.7900085449219,0.5026666522026062,197.0,439.86,82.52954864501953
TS0330H,2026,429.86,506.7737121582031,0.5025815367698669,207.0,429.86,86.91796875
TS0330H,2026,419.86,501.2425537109375,0.502480685710907,217.0,419.86,91.3117446899414
TS0330H,2026,409.86,495.3406677246094,0.5023650527000427,227.0,409.86,96.30239868164062
TS0330H,2026,399.86,488.92864990234375,0.5022313594818115,237.0,399.86,100.73780822753906
TS0330H,2026,389.86,481.9117126464844,0.502081573009491,247.0,389.86,104.91362762451172
TS0330H,2026,379.86,474.4016418457031,0.5019159317016602,257.0,379.86,108.80699157714844
TS0330H,2026,369.86,467.0127868652344,0.5017344355583191,267.0,369.86,112.33065795898438
TS0330H,2026,359.86,460.3964538574219,0.5015367269515991,277.0,359.86,116.21714782714844
TS0330H,2026,349.86,453.621826171875,0.5013249516487122,287.0,349.86,119.09358215332033
TS0330H,2026,339.86,446.08050537109375,0.5011003613471985,297.0,339.86,122.3405532836914
TS0330H,2026,329.86,438.5432434082031,0.5008646845817566,307.0,329.86,124.61310577392578
TS0330H,2026,319.86,430.3520812988281,0.5006266832351685,317.0,319.86,126.40717315673828
TS0330H,2026,309.86,421.95892333984375,0.5003894567489624,327.0,309.86,129.08352661132812
TS0330H,2026,299.86,413.4831237792969,0.5001465082168579,337.0,299.86,130.6534423828125
TS0330H,2026,289.86,404.2435607910156,0.4999145567417145,347.0,289.86,132.14857482910156
TS0330H,2026,279.86,395.5187683105469,0.4996831119060516,357.0,279.86,134.156494140625
TS0330H,2026,269.86,385.9391174316406,0.4994533658027649,367.0,269.86,135.96273803710938
TS0330H,2026,259.86,376.1500549316406,0.4992300271987915,377.0,259.86,137.30557250976562
TS0330H,2026,249.86,367.0777893066406,0.499015599489212,387.0,249.86,138.62026977539062
TS0330H,2026,239.86,356.2668762207031,0.4988138079643249,397.0,239.86,139.9145965576172
TS0330H,2026,229.86,344.8629150390625,0.4986200928688049,407.0,229.86,141.32797241210938
TS0330H,2026,219.86,335.1416931152344,0.4984331727027893,417.0,219.86,143.0
TS0330H,2026,209.86,327.05181884765625,0.4982562065124511,427.0,209.86,143.0
TS0330H,2026,199.86,317.6234436035156,0.4980905652046203,437.0,199.86,143.80978393554688
TS0330H,2026,189.86,307.704345703125,0.4979377388954162,447.0,189.86,144.83653259277344
TS0330H,2026,179.86,298.46026611328125,0.4977891743183136,457.0,179.86,146.14346313476562
TS0330H,2026,169.86,289.1813659667969,0.4976359009742737,467.0,169.86,148.3116912841797
TS0330H,2026,159.86,281.7212219238281,0.4974817931652069,477.0,159.86,149.55604553222656
TS0330H,2027,479.86,522.883544921875,0.4981680512428283,157.0,479.86,65.493408203125
TS0330H,2027,469.86,518.3657836914062,0.4981195330619812,167.0,469.86,69.71820831298828
TS0330H,2027,459.86,512.7423706054688,0.4980648159980774,177.0,459.86,73.9498062133789
TS0330H,2027,449.86,506.6262512207031,0.4980111718177795,187.0,449.86,78.2080307006836
TS0330H,2027,439.86,499.7762145996094,0.497959554195404,197.0,439.86,82.52954864501953
TS0330H,2027,429.86,492.3982238769531,0.4979057610034942,207.0,429.86,86.91796875
TS0330H,2027,419.86,484.6626586914063,0.4978483319282532,217.0,419.86,91.3117446899414
TS0330H,2027,409.86,476.536376953125,0.4977872967720032,227.0,409.86,96.30239868164062
TS0330H,2027,399.86,467.3606567382813,0.4977210164070129,237.0,399.86,100.73780822753906
TS0330H,2027,389.86,457.9544982910156,0.497650533914566,247.0,389.86,104.91362762451172
TS0330H,2027,379.86,448.3331604003906,0.4975760281085968,257.0,379.86,108.80699157714844
TS0330H,2027,369.86,439.771240234375,0.4974967241287231,267.0,369.86,112.33065795898438
TS0330H,2027,359.86,430.6444396972656,0.4974127113819122,277.0,359.86,116.21714782714844
TS0330H,2027,349.86,421.6092224121094,0.497324675321579,287.0,349.86,119.09358215332033
TS0330H,2027,339.86,411.9249267578125,0.4972332715988159,297.0,339.86,122.3405532836914
TS0330H,2027,329.86,402.4315490722656,0.497139573097229,307.0,329.86,124.61310577392578
TS0330H,2027,319.86,392.9236145019531,0.4970469176769256,317.0,319.86,126.40717315673828
TS0330H,2027,309.86,382.6502685546875,0.496958315372467,327.0,309.86,129.08352661132812
TS0330H,2027,299.86,372.1118469238281,0.4968681633472442,337.0,299.86,130.6534423828125
TS0330H,2027,289.86,362.8631591796875,0.4967905580997467,347.0,289.86,132.14857482910156
TS0330H,2027,279.86,353.3045349121094,0.4967102110385895,357.0,279.86,134.156494140625
TS0330H,2027,269.86,343.2225952148437,0.4966336488723755,367.0,269.86,135.96273803710938
TS0330H,2027,259.86,334.6045837402344,0.4965605437755584,377.0,259.86,137.30557250976562
TS0330H,2027,249.86,324.9814453125,0.4964911043643951,387.0,249.86,138.62026977539062
TS0330H,2027,239.86,314.37713623046875,0.4964289665222168,397.0,239.86,139.9145965576172
TS0330H,2027,229.86,303.1063537597656,0.4963683187961578,407.0,229.86,141.32797241210938
TS0330H,2027,219.86,292.6025085449219,0.4963124990463257,417.0,219.86,143.0
TS0330H,2027,209.86,286.1508483886719,0.4962541460990906,427.0,209.86,143.0
TS0330H,2027,199.86,278.6869812011719,0.4961981773376465,437.0,199.86,143.80978393554688
TS0330H,2027,189.86,267.4130249023437,0.4961546063423157,447.0,189.86,144.83653259277344
TS0330H,2027,179.86,260.1332397460937,0.4961054623126983,457.0,179.86,146.14346313476562
TS0330H,2027,169.86,253.27606201171875,0.496054470539093,467.0,169.86,148.3116912841797
TS0330H,2027,159.86,244.6962127685547,0.4960083961486816,477.0,159.86,149.55604553222656
TS0330H,2028,479.86,457.0442199707031,0.4942883253097534,157.0,479.86,65.493408203125
TS0330H,2028,469.86,456.1468811035156,0.494457870721817,167.0,469.86,69.71820831298828
TS0330H,2028,459.86,454.42962646484375,0.494648814201355,177.0,459.86,73.9498062133789
TS0330H,2028,449.86,451.1221923828125,0.4948486387729645,187.0,449.86,78.2080307006836
TS0330H,2028,439.86,447.1832885742188,0.4950527250766754,197.0,439.86,82.52954864501953
TS0330H,2028,429.86,442.50244140625,0.4952699542045593,207.0,429.86,86.91796875
TS0330H,2028,419.86,437.0596008300781,0.4955033659934997,217.0,419.86,91.3117446899414
TS0330H,2028,409.86,430.6409912109375,0.4957536160945892,227.0,409.86,96.30239868164062
TS0330H,2028,399.86,423.9478454589844,0.496019959449768,237.0,399.86,100.73780822753906
TS0330H,2028,389.86,416.53265380859375,0.4963013529777527,247.0,389.86,104.91362762451172
TS0330H,2028,379.86,409.1804504394531,0.4965910911560058,257.0,379.86,108.80699157714844
TS0330H,2028,369.86,401.8289489746094,0.4968868196010589,267.0,369.86,112.33065795898438
TS0330H,2028,359.86,393.7990417480469,0.4971858859062195,277.0,359.86,116.21714782714844
TS0330H,2028,349.86,385.8970947265625,0.497480183839798,287.0,349.86,119.09358215332033
TS0330H,2028,339.86,378.0589294433594,0.4977641999721527,297.0,339.86,122.3405532836914
TS0330H,2028,329.86,370.4073486328125,0.4980325400829315,307.0,329.86,124.61310577392578
TS0330H,2028,319.86,362.7293090820313,0.4982762634754181,317.0,319.86,126.40717315673828
TS0330H,2028,309.86,354.7245788574219,0.4984883069992065,327.0,309.86,129.08352661132812
TS0330H,2028,299.86,346.4479675292969,0.4986782073974609,337.0,299.86,130.6534423828125
TS0330H,2028,289.86,337.44439697265625,0.4988208413124084,347.0,289.86,132.14857482910156
TS0330H,2028,279.86,328.54150390625,0.4989446401596069,357.0,279.86,134.156494140625
TS0330H,2028,269.86,319.0018005371094,0.4990426003932953,367.0,269.86,135.96273803710938
TS0330H,2028,259.86,309.0191345214844,0.4991158246994018,377.0,259.86,137.30557250976562
TS0330H,2028,249.86,298.0891418457031,0.4991686642169952,387.0,249.86,138.62026977539062
TS0330H,2028,239.86,288.0807800292969,0.4992005228996277,397.0,239.86,139.9145965576172
TS0330H,2028,229.86,277.9292907714844,0.4992234408855438,407.0,229.86,141.32797241210938
TS0330H,2028,219.86,269.82086181640625,0.4992302060127258,417.0,219.86,143.0
TS0330H,2028,209.86,264.4809265136719,0.4992434978485107,427.0,209.86,143.0
TS0330H,2028,199.86,257.33740234375,0.4992528259754181,437.0,199.86,143.80978393554688
TS0330H,2028,189.86,251.1695556640625,0.4992406070232391,447.0,189.86,144.83653259277344
TS0330H,2028,179.86,247.0140686035156,0.49924036860466,457.0,179.86,146.14346313476562
TS0330H,2028,169.86,241.49929809570312,0.4992377758026123,467.0,169.86,148.3116912841797
TS0330H,2028,159.86,235.10980224609372,0.4992205202579498,477.0,159.86,149.55604553222656
