1,450.569832
2,446.025324
3,445.950417
4,445.876017
5,445.927771
6,445.850022
7,445.926271
8,445.844224
9,445.835975
10,445.775809
11,445.719315
12,445.699287
13,445.721152
14,445.675385
15,445.655226
16,445.613136
17,445.628033
18,445.652894
19,445.585479
20,445.507445
21,445.513267
22,445.513059
23,445.457084
24,445.388547
25,445.373416
26,445.353781
27,445.304407
28,445.235145
29,445.260961
30,445.232899
31,445.199288
32,445.222258
33,445.160162
34,445.126567
35,445.093588
36,445.099192
37,445.041284
38,444.959192
39,444.933446
40,444.94911
41,444.953964
42,444.852026
43,444.852607
44,444.87755
45,444.810424
46,444.762107
47,444.738896
48,444.734524
49,444.694572
50,444.624284
51,444.604589
52,444.55374
53,444.533696
54,444.482794
55,444.57509
56,444.507428
57,444.396884
58,444.491642
59,444.412628
60,444.351563
61,444.367658
62,444.336719
63,444.305062
64,444.273501
65,444.218014
66,444.206121
67,444.185061
68,444.177722
69,444.130312
70,444.111082
71,444.108209
72,444.126064
73,444.115301
74,444.065016
75,443.955554
76,444.054059
77,443.942841
78,443.944515
79,443.908094
80,443.935273
81,443.864339
82,443.851126
83,443.853977
84,443.813049
85,443.736485
86,443.768672
87,443.726389
88,443.68459
89,443.658086
90,443.603137
91,443.568655
92,443.590323
93,443.581423
94,443.592507
95,443.53592
96,443.526146
97,443.458736
98,443.400859
99,443.410053
100,443.416784
101,443.348118
102,443.251543
103,443.350502
104,443.293937
105,443.294487
106,443.30791
107,443.25784
108,443.146725
109,443.275493
110,443.212617
111,443.130216
112,443.119955
113,443.034165
114,443.065477
115,443.100868
116,443.006479
117,442.993261
118,442.963264
119,442.907469
120,442.85992
121,442.902979
122,442.913247
123,442.817065
124,442.804519
125,442.754299
126,442.800295
127,442.671666
128,442.721339
129,442.70045
130,442.664041
131,442.664852
132,442.582781
133,442.546905
134,442.567461
135,442.489507
136,442.40757
137,442.415384
138,442.410275
139,442.395366
140,442.384761
141,442.416324
142,442.364884
143,442.366233
144,442.207356
145,442.242534
146,442.193352
147,442.166857
148,442.122676
149,442.13642
150,442.132198
151,442.115501
152,442.161887
153,442.031394
154,442.019617
155,441.955014
156,442.031146
157,441.987931
158,442.042866
159,441.961986
160,442.006732
161,441.948996
162,441.892899
163,441.915273
164,441.842858
165,441.858853
166,441.822702
167,441.810795
168,441.748462
169,441.81371
170,441.733479
171,441.711486
172,441.736299
173,441.732133
174,441.667702
175,441.668821
176,441.755944
177,441.678322
178,441.601899
179,441.519687
180,441.552554
181,441.548079
182,441.545137
183,441.416199
184,441.497447
185,441.475583
186,441.484768
187,441.483715
188,441.476422
189,441.452338
190,441.423968
191,441.326563
192,441.363479
193,441.364013
194,441.238989
195,441.272827
196,441.231478
197,441.263479
198,441.193873
199,441.180959
200,441.151782
201,441.211769
202,441.143442
203,441.087811
204,441.061338
205,441.052002
206,441.070571
207,441.100182
208,440.978688
209,441.042837
210,441.039354
211,440.946187
212,440.959558
213,440.916379
214,440.883443
215,440.869757
216,440.817027
217,440.771328
218,440.814552
219,440.808022
220,440.71668
221,440.753877
222,440.647904
223,440.674645
224,440.660519
225,440.667579
226,440.682529
227,440.599303
228,440.593677
229,440.571875
230,440.565352
231,440.590977
232,440.586609
233,440.550637
234,440.511922
235,440.44239
236,440.50986
237,440.415801
238,440.404981
239,440.529979
240,440.444999
241,440.291406
242,440.392844
243,440.330583
244,440.285199
245,440.251746
246,440.276452
247,440.266078
248,440.151928
249,440.20918
250,440.097835
251,440.079812
252,440.047412
253,440.109747
254,440.023007
255,440.093489
256,440.038325
257,440.039944
258,440.020806
259,440.037368
260,440.072486
261,439.977456
262,439.957218
263,439.986787
264,439.948911
265,439.911382
266,439.93676
267,439.91525
268,439.854544
269,439.863496
270,439.786769
271,439.816725
272,439.661795
273,439.67447
274,439.679426
275,439.62385
276,439.609353
277,439.540476
278,439.719547
279,440.021046
280,440.188146
281,440.096582
282,440.36965
283,440.492309
284,440.750686
285,440.911096
286,440.932498
287,441.093248
288,441.107506
289,441.125044
290,441.298135
291,441.40712
292,441.352376
293,441.600861
294,441.664219
295,441.728207
296,441.814902
297,441.906511
298,441.993012
299,442.017127
300,442.038228
301,442.171229
302,442.164369
303,442.193806
304,442.218893
305,442.360784
306,442.428422
307,442.459668
308,442.445902
309,442.514985
310,442.693406
311,442.646322
312,442.816797
313,442.91026
314,442.906454
315,442.975458
316,442.946562
317,443.048119
318,443.05541
319,443.087483
320,443.129951
321,443.250909
322,443.19945
323,443.261514
324,443.341583
325,443.373893
326,443.406932
327,443.490646
328,443.536467
329,443.508288
330,443.571351
331,443.618916
332,443.721069
333,443.749301
334,443.715371
335,443.75268
336,443.821976
337,443.979999
338,443.992759
339,443.979968
340,444.061361
341,444.0901
342,444.131152
343,444.16638
344,444.265019
345,444.243805
346,444.364866
347,444.35294
348,444.399702
349,444.436484
350,444.485234
351,444.517261
352,444.47491
353,444.560954
354,444.630046
355,444.782697
356,444.63389
357,444.699612
358,444.745477
359,444.761933
360,444.75763
361,444.881087
362,444.945487
363,444.936594
364,445.016887
365,445.055782
366,445.106995
367,445.138895
368,445.294486
369,445.186712
370,445.402726
371,445.339946
372,445.42714
373,445.370342
374,445.373112
375,445.507273
376,445.483539
377,445.535285
378,445.523854
379,445.637763
380,445.594503
381,445.781803
382,445.826395
383,445.829186
384,445.813204
385,445.872681
386,445.878404
387,445.986489
388,446.000281
389,446.078826
390,446.062224
391,446.132954
392,446.221335
393,446.193642
394,446.281273
395,446.348268
396,446.303958
397,446.315394
398,446.361423
399,446.392453
400,446.410589
401,446.462543
402,446.468054
403,446.501921
404,446.424935
405,446.562567
406,446.642634
407,446.623228
408,446.653933
409,446.737996
410,446.701166
411,446.749207
412,446.778177
413,446.834212
414,446.916486
415,446.977348
416,446.977693
417,446.925903
418,446.999284
419,447.045469
420,447.142008
421,447.108175
422,447.208742
423,447.13407
424,447.282611
425,447.23342
426,447.345001
427,446.543703
428,446.490287
429,446.514892
430,446.513534
431,446.54941
432,446.541791
433,446.627952
434,446.538811
435,446.680454
436,446.641971
437,446.639656
438,446.669215
439,446.753
440,446.776242
441,446.810253
442,446.830986
443,446.836413
444,446.901317
445,446.768222
446,446.934653
447,446.885263
448,446.929128
449,446.883232
450,447.030656
451,446.879754
452,447.084438
453,447.032866
454,447.083125
455,447.003927
456,447.119247
457,447.140112
458,447.224778
459,447.244755
460,447.224742
461,447.32683
462,447.296166
463,447.286522
464,447.311962
465,447.30765
466,447.333716
467,447.303634
468,447.346152
469,447.430842
470,447.453491
471,447.550984
472,447.545576
473,447.576075
474,447.538384
475,447.678101
476,447.660444
477,447.707452
478,447.73543
479,447.774877
480,447.815226
481,447.860289
482,447.857347
483,447.926839
484,447.907936
485,447.971501
486,447.918439
487,447.911806
488,447.912576
489,447.95647
490,448.03618
491,448.137615
492,448.073094
493,448.079865
494,448.126385
495,448.068057
496,448.206009
497,448.156325
498,448.241687
499,448.24405
500,448.225572
501,448.252732
502,448.354412
503,448.366429
504,448.313989
505,448.354675
506,448.316952
507,448.293
508,448.342988
509,448.372451
510,448.366615
511,448.453465
512,448.381698
513,448.399583
514,448.396421
515,448.430297
516,448.412391
517,448.472354
518,448.448652
519,448.384399
520,448.433084
521,448.449365
522,448.401362
523,448.425968
524,448.447569
525,448.389381
526,448.410152
527,448.389183
528,448.335198
529,448.414314
530,448.451472
531,448.389011
532,448.377319
533,448.395753
534,448.386458
535,448.396119
536,448.365862
537,448.420349
538,448.457423
539,448.395177
540,448.41933
541,448.404517
542,448.413456
543,448.48664
544,448.457072
545,448.507082
546,448.421944
547,448.443672
548,448.403577
549,448.312035
550,448.352276
551,448.365092
552,448.351097
553,448.271021
554,448.32647
555,448.410332
556,448.301498
557,448.303094
558,448.266366
559,448.348992
560,448.311719
561,448.37049
562,448.342574
563,448.447141
564,448.340694
565,448.429998
566,448.320574
567,448.345904
568,448.380225
569,448.369828
570,448.545869
571,448.451417
572,448.42608
573,448.465295
574,448.478099
575,448.553106
576,448.493531
577,448.460389
578,448.40905
579,448.451209
580,448.393079
581,448.428972
582,448.459485
583,448.419505
584,448.415192
585,448.505032
586,448.420428
587,448.396385
588,448.379584
589,448.398059
590,448.369031
591,448.374652
592,448.317416
593,448.276414
594,448.423169
595,448.342151
596,448.249506
597,448.281775
598,448.234133
599,448.245506
600,448.198367
601,448.208296
602,448.202651
603,448.153323
604,448.174159
605,448.21273
606,448.146487
607,448.139137
608,448.221712
609,448.175876
610,448.125732
611,448.198886
612,448.071496
613,448.118975
614,448.147001
615,448.176213
616,448.020336
617,448.040002
618,448.047379
619,448.01323
620,447.994226
621,448.08391
622,448.016155
623,448.127222
624,447.991298
625,447.988761
626,448.004162
627,448.003083
628,447.928619
629,447.947771
630,447.921773
631,447.847952
632,447.846919
633,447.786366
634,447.856405
635,447.751064
636,447.737112
637,447.639501
638,447.721627
639,447.740958
640,447.673925
641,447.668139
642,447.617507
643,447.601068
644,447.604768
645,447.634523
646,447.64267
647,447.643938
648,447.522544
649,447.55966
650,447.551037
651,447.522281
652,447.544586
653,447.55655
654,447.490075
655,447.513642
656,447.457227
657,447.435128
658,447.422597
659,447.447826
660,447.465589
661,447.410283
662,447.424742
663,447.318485
664,447.426653
665,447.33225
666,447.392074
667,447.300271
668,447.276184
669,447.295585
670,447.252232
671,447.261711
672,447.193456
673,447.279892
674,447.276978
675,447.376421
676,447.190114
677,447.255906
678,447.140339
679,447.155456
680,447.137158
681,447.149057
682,447.023502
683,447.04673
684,446.962018
685,447.032249
686,446.862564
687,446.941647
688,446.979094
689,446.91778
690,446.89938
691,446.851417
692,446.960076
693,446.931579
694,446.963858
695,446.952824
696,446.916871
697,446.904127
698,446.926762
699,446.831077
700,446.853788
701,446.758176
702,446.858052
703,446.830687
704,446.887863
705,446.804409
706,446.78359
707,446.751761
708,446.851006
709,446.847351
710,446.812382
711,446.722116
712,446.676429
713,446.754883
714,446.771562
715,446.712276
716,446.747202
717,446.690866
718,446.665098
719,446.6379
720,446.584448
721,446.631758
722,446.591995
723,446.603555
724,446.546654
725,446.616717
726,446.590459
727,446.607554
728,446.540222
729,446.528447
730,446.508405
731,446.522293
732,446.551024
733,446.532834
734,446.530145
735,446.422701
736,446.446709
737,446.456217
738,446.42505
739,446.458561
740,446.456757
741,446.409563
742,446.467179
743,446.41671
744,446.339349
745,446.373794
746,446.334981
747,446.297725
748,446.320661
749,446.285627
750,446.336074
751,446.292683
752,446.336861
753,446.317738
754,446.33433
755,446.22133
756,446.295967
757,446.184115
758,446.294527
759,446.22947
760,446.253585
761,446.160564
762,446.155204
763,446.131249
764,446.079914
765,446.106144
766,445.999666
767,445.965048
768,445.917818
769,445.942311
770,445.990682
771,445.902252
772,445.95079
773,445.856141
774,445.895784
775,445.859245
776,445.874355
777,445.872891
778,445.976178
779,445.743817
780,445.937888
781,445.891632
782,445.856444
783,445.844294
784,445.884092
785,445.868456
786,445.875424
787,445.98853
788,446.03232
789,445.999274
790,445.902106
791,445.998827
792,445.892555
793,446.101556
794,446.049463
795,446.025798
796,446.014108
797,446.055866
798,446.006744
799,446.062329
800,446.061124
801,445.94482
802,445.974305
803,446.069227
804,446.059581
805,446.015661
806,446.07879
807,446.095706
808,446.091814
809,446.103565
810,446.162602
811,446.048968
812,446.133641
813,446.034743
814,446.13737
815,446.041838
816,446.14357
817,446.075642
818,446.186916
819,446.180733
820,446.211846
821,446.380951
822,446.153795
823,446.287165
824,446.252518
825,446.38878
826,446.390846
827,446.311469
828,446.422111
829,446.490485
830,446.533513
831,446.541849
832,446.496797
833,446.50007
834,446.496668
835,446.437443
836,446.582688
837,446.61645
838,446.516224
839,446.554294
840,446.559307
841,446.560403
842,446.479303
843,446.560489
844,446.589701
845,446.550794
846,446.511752
847,446.566705
848,446.563849
849,446.635599
850,446.679036
851,446.758318
852,446.697087
853,446.725771
854,446.696241
855,446.697458
856,446.673302
857,446.733712
858,446.785377
859,446.838154
860,446.792082
861,446.798953
862,446.87149
863,446.945548
864,447.015953
865,446.979106
866,447.031759
867,447.039083
868,447.076516
869,447.077322
870,447.145711
871,447.03803
872,447.150552
873,447.133072
874,447.095931
875,447.078159
876,447.279672
877,447.156269
878,447.18666
879,447.21388
880,447.203973
881,447.215954
882,447.295561
883,447.333252
884,447.299929
885,447.401704
886,447.305243
887,447.444016
888,447.493631
889,447.480249
890,447.393339
891,447.490326
892,447.499786
893,447.490505
894,447.498293
895,447.550776
896,447.550819
897,447.465051
898,447.682172
899,447.619182
900,447.602673
901,447.695067
902,447.742273
903,447.694306
904,447.796756
905,447.867544
906,447.949397
907,448.030525
908,448.030537
909,447.971785
910,447.972819
911,448.036704
912,448.108728
913,448.07937
914,448.05936
915,448.154851
916,448.13956
917,448.192229
918,448.216962
919,448.138696
920,448.222458
921,448.306203
922,448.285054
923,448.319234
924,448.33216
925,448.294079
926,448.243354
927,448.334657
928,448.274611
929,448.296683
930,448.345478
931,448.309418
932,448.390546
933,448.282839
934,448.305978
935,448.287941
936,448.291601
937,448.313872
938,448.373033
939,448.363355
940,448.545653
941,448.409028
942,448.373863
943,448.386406
944,448.467587
945,448.424411
946,448.391467
947,448.339867
948,448.424095
949,448.42303
950,448.493161
951,448.425788
952,448.399896
953,448.486143
954,448.458586
955,448.258023
956,448.26655
957,448.285382
958,448.374729
959,448.410588
960,448.394627
961,448.47421
962,448.494347
963,448.536956
964,448.614458
965,448.686423
966,448.660577
967,448.726559
968,448.716934
969,448.719137
970,448.76964
971,448.864734
972,448.927658
973,448.980148
974,448.983025
975,449.118089
976,449.034863
977,448.900197
978,449.203482
979,449.161439
980,449.148195
981,449.176128
982,449.279285
983,449.342087
984,449.250422
985,449.370687
986,449.382984
987,449.486385
988,449.431733
989,449.588782
990,449.569152
991,449.563411
992,449.649998
993,449.788553
994,449.839706
995,449.902271
996,450.007156
997,450.023918
998,450.161727
999,450.197424
1000,450.165669
1001,450.363983
1002,450.299947
1003,450.340748
1004,450.364634
1005,450.515572
1006,450.461386
1007,450.58099
1008,450.570238
1009,450.744696
1010,450.68841
1011,450.704536
1012,450.749236
1013,450.728579
1014,450.861916
1015,450.896921
1016,450.923115
1017,451.005228
1018,451.119953
1019,451.213629
1020,451.183372
1021,451.320564
1022,451.401101
1023,451.401697
1024,451.450704
1025,451.626272
1026,451.69164
1027,451.688368
1028,451.887677
1029,451.898601
1030,451.963036
1031,451.975962
1032,452.118533
1033,452.27253
1034,452.237326
1035,452.275188
1036,452.448358
1037,452.65453
1038,452.713261
1039,452.719028
1040,452.872016
1041,452.970968
1042,453.161593
1043,453.250071
1044,453.250497
1045,453.391391
1046,453.501309
1047,453.613144
1048,453.73813
1049,453.723879
1050,453.843778
1051,454.090289
1052,454.13186
1053,454.297989
1054,454.317358
1055,454.528596
1056,454.431779
1057,454.562802
1058,454.706627
1059,454.866164
1060,454.972524
1061,455.100878
1062,455.205468
1063,455.34178
1064,455.417596
1065,455.585749
1066,455.568589
1067,455.923659
1068,455.944793
1069,456.120705
1070,456.155031
1071,456.38174
1072,456.417982
1073,456.546898
1074,456.671523
1075,456.794229
1076,456.906418
1077,457.13394
1078,457.296878
1079,457.440866
1080,457.562185
1081,457.768526
1082,457.821983
1083,457.913808
1084,458.151411
1085,458.342564
1086,458.462238
1087,458.597617
1088,458.864626
1089,458.960613
1090,459.067873
1091,459.266467
1092,459.41127
1093,459.379525
1094,459.671821
1095,459.872905
1096,459.972717
1097,460.244775
1098,460.421584
1099,460.538146
1100,460.74537
1101,460.889587
1102,461.131489
1103,461.283738
1104,461.442213
1105,461.734567
1106,461.741613
1107,461.900937
1108,462.17385
1109,462.349501
1110,462.459516
1111,462.607388
1112,462.961577
1113,462.94746
1114,463.206636
1115,463.433919
1116,463.547465
1117,463.697192
1118,463.897808
1119,464.00378
1120,464.237368
1121,464.34586
1122,464.64466
1123,464.755833
1124,464.976583
1125,465.173634
1126,465.411178
1127,465.581629
1128,465.889009
1129,466.021305
1130,466.256655
1131,466.412093
1132,466.664665
1133,466.762881
1134,467.020126
1135,467.220433
1136,467.529638
1137,467.738479
1138,468.025511
1139,468.160534
1140,468.528493
1141,468.645488
1142,468.936024
1143,468.999318
1144,469.290931
1145,469.499667
1146,469.727573
1147,469.911003
1148,470.320885
1149,470.468953
1150,470.850312
1151,471.07636
1152,471.222318
1153,471.541985
1154,471.828716
1155,471.895407
1156,472.06902
1157,472.235592
1158,472.473078
1159,472.745201
1160,473.061084
1161,473.310478
1162,473.553889
1163,473.845992
1164,474.137707
1165,474.318149
1166,474.640744
1167,474.932022
1168,475.081723
1169,475.327729
1170,475.528172
1171,475.94401
1172,476.211073
1173,476.46906
1174,476.72869
1175,476.999218
1176,477.510919
1177,477.749271
1178,477.903792
1179,478.232515
1180,478.444499
1181,478.809382
1182,479.076899
1183,479.35865
1184,479.528914
1185,479.861957
1186,480.234394
1187,480.516494
1188,480.837957
1189,480.979438
1190,481.417408
1191,481.771805
1192,481.975824
1193,482.219647
1194,482.538606
1195,482.855565
1196,483.193542
1197,483.521139
1198,483.665142
1199,483.940579
1200,484.289039
1201,484.318493
1202,484.64061
1203,485.051999
1204,485.452715
1205,485.699896
1206,486.099945
1207,486.248917
1208,486.674793
1209,486.838516
1210,487.287025
1211,487.662892
1212,488.069701
1213,488.207749
1214,488.691875
1215,488.897009
1216,489.293733
1217,489.599642
1218,489.887894
1219,490.172989
1220,490.603293
1221,490.998651
1222,491.404532
1223,491.543975
1224,491.737826
1225,492.023733
1226,492.315946
1227,492.638505
1228,493.081589
1229,493.367789
1230,493.524463
1231,493.927007
1232,494.283954
1233,494.651609
1234,494.980174
1235,495.226049
1236,495.614282
1237,496.210079
1238,496.394353
1239,496.783849
1240,496.9319
1241,497.382284
1242,497.723543
1243,498.039639
1244,498.347918
1245,498.768518
1246,499.118436
1247,499.618626
1248,499.94566
1249,500.220659
1250,500.634296
1251,500.930047
1252,501.06023
1253,501.406907
1254,501.841033
1255,502.091651
1256,502.539124
1257,503.006366
1258,503.429227
1259,503.650728
1260,504.119747
1261,504.213297
1262,504.599416
1263,505.053761
1264,505.31673
1265,505.774292
1266,506.051943
1267,506.437208
1268,506.709609
1269,507.010531
1270,507.496284
1271,507.833165
1272,508.013194
1273,508.457524
1274,508.795278
1275,508.867263
1276,509.296751
1277,509.386722
1278,509.542346
1279,510.079694
1280,510.461144
1281,510.834562
1282,511.256014
1283,511.736763
1284,511.859639
1285,512.206631
1286,512.496904
1287,512.910138
1288,513.388492
1289,513.738857
1290,513.769294
1291,514.07094
1292,514.553479
1293,514.950933
1294,515.416237
1295,515.710524
1296,516.05217
1297,516.481527
1298,516.842959
1299,517.390543
1300,517.436986
1301,517.981063
1302,518.492512
1303,518.491008
1304,519.060867
1305,519.241505
1306,519.645085
1307,520.189838
1308,520.585175
1309,520.995122
1310,521.179748
1311,521.558026
1312,522.156669
1313,522.638935
1314,522.890662
1315,523.336743
1316,523.816474
1317,524.077305
1318,524.372591
1319,524.777596
1320,525.21793
1321,525.473757
1322,526.060974
1323,526.538782
1324,527.018768
1325,526.95047
1326,527.686587
1327,528.11851
1328,528.436044
1329,528.837148
1330,529.421289
1331,529.881819
1332,530.391656
1333,530.79045
1334,530.848621
1335,531.578892
1336,532.103301
1337,532.217848
1338,532.703735
1339,533.338731
1340,533.65757
1341,534.243871
1342,534.493829
1343,534.730048
1344,535.376299
1345,535.555627
1346,536.016664
1347,536.458452
1348,536.886508
1349,537.217428
1350,537.599368
1351,537.973162
1352,538.322656
1353,538.706502
1354,539.045876
1355,539.656567
1356,540.286408
1357,540.855853
1358,540.72761
1359,541.076309
1360,541.568913
1361,542.135335
1362,542.688776
1363,543.259228
1364,543.27894
1365,544.044095
1366,544.471818
1367,544.975513
1368,545.179364
1369,545.817531
1370,546.151547
1371,546.888401
1372,547.5209
1373,547.430984
1374,547.881789
1375,548.120179
1376,548.732066
1377,549.270075
1378,550.018164
1379,550.371676
1380,550.861163
1381,551.672974
1382,551.830112
1383,552.175516
1384,552.741177
1385,553.228148
1386,553.80844
1387,554.404986
1388,554.71455
1389,555.347749
1390,555.680291
1391,555.967876
1392,556.365767
1393,557.055659
1394,557.638279
1395,558.293943
1396,558.400061
1397,558.621319
1398,559.365791
1399,559.817876
1400,560.388551
1401,560.826105
1402,561.267603
1403,561.848752
1404,562.561613
1405,563.212461
1406,563.373804
1407,563.899487
1408,564.31351
1409,564.732555
1410,565.407318
1411,566.163913
1412,566.986461
1413,567.05944
1414,567.594174
1415,568.276469
1416,568.819243
1417,569.126503
1418,569.720284
1419,569.954283
1420,570.614364
1421,571.088017
1422,571.786514
1423,572.568613
1424,573.316597
1425,573.232792
1426,574.295556
1427,574.823052
1428,575.325427
1429,575.858585
1430,576.338887
1431,576.860042
1432,577.625589
1433,577.883376
1434,578.634308
1435,579.264618
1436,579.912046
1437,580.416509
1438,581.349079
1439,581.421525
1440,582.28785
1441,583.045038
1442,583.307244
1443,584.145622
1444,584.883914
1445,585.887131
1446,585.893865
1447,586.231526
1448,587.187568
1449,587.825391
1450,588.589524
1451,588.967233
1452,590.045894
1453,590.242005
1454,590.947281
1455,591.74747
1456,592.27728
1457,592.905716
1458,593.58805
1459,594.418628
1460,594.888135
1461,595.304348
1462,596.151349
1463,597.079234
1464,597.750297
1465,598.200504
1466,599.0954
1467,599.406227
1468,600.199711
1469,601.00742
1470,601.546647
1471,602.070715
1472,602.390875
1473,602.867477
1474,603.441995
1475,604.249865
1476,605.157299
1477,605.969902
1478,606.801667
1479,607.574813
1480,607.863074
1481,608.433716
1482,609.077678
1483,609.849263
1484,610.730372
1485,611.638263
1486,612.03735
1487,612.824131
1488,613.387596
1489,614.581242
1490,615.244763
1491,615.670609
1492,616.407829
1493,617.287161
1494,617.698476
1495,618.452791
1496,619.713716
1497,620.247501
1498,621.142509
1499,621.887914
1500,622.585347
1501,623.457355
1502,624.183872
1503,624.603812
1504,625.438234
1505,626.418685
1506,627.405248
1507,627.662616
1508,629.084444
1509,629.938745
1510,630.71528
1511,631.441335
1512,632.33366
1513,632.549657
1514,633.828419
1515,634.722531
1516,635.614525
1517,636.396115
1518,636.856928
1519,637.789293
1520,638.905834
1521,639.615128
1522,640.340463
1523,641.155731
1524,641.798734
1525,642.771161
1526,643.510641
1527,644.486041
1528,645.162476
1529,646.032315
1530,646.845609
1531,648.001776
1532,648.293456
1533,649.300603
1534,649.899017
1535,650.879655
1536,652.221034
1537,653.175766
1538,654.293692
1539,655.203635
1540,656.128875
1541,656.709519
1542,657.932521
1543,658.080488
1544,659.288632
1545,660.293978
1546,661.588641
1547,662.302222
1548,663.450374
1549,664.503334
1550,665.345376
1551,666.037028
1552,667.15776
1553,667.817377
1554,668.921801
1555,670.012308
1556,671.208083
1557,672.561914
1558,673.256999
1559,674.037144
1560,675.135511
1561,675.693205
1562,677.074942
1563,677.934955
1564,679.18306
1565,680.137763
1566,681.113493
1567,682.194026
1568,682.927874
1569,684.347111
1570,685.421509
1571,686.527947
1572,687.810311
1573,688.568601
1574,689.227135
1575,690.550484
1576,692.233712
1577,693.428533
1578,694.620126
1579,695.441398
1580,696.073843
1581,697.078661
1582,698.553866
1583,699.973271
1584,700.935595
1585,702.203555
1586,703.560096
1587,704.842711
1588,705.915698
1589,707.294696
1590,708.606072
1591,709.930284
1592,711.21177
1593,712.591606
1594,713.672063
1595,715.032952
1596,716.039009
1597,717.113175
1598,718.521769
1599,719.859785
1600,721.314791
1601,722.653926
1602,723.915684
1603,725.195041
1604,726.485133
1605,727.899347
1606,729.099834
1607,730.487757
1608,731.998812
1609,733.079525
1610,734.571928
1611,735.747451
1612,736.694784
1613,738.128828
1614,739.74754
1615,740.644918
1616,741.840504
1617,681.72797
1618,646.781604
1619,623.689565
1620,608.527344
1621,597.094586
1622,580.365045
1623,538.634913
1624,521.973962
1625,511.778155
1626,504.610504
1627,499.054498
1628,494.492893
1629,491.04139
1630,487.656209
1631,485.043768
1632,482.41523
1633,480.276458
1634,478.33496
1635,476.458564
1636,474.441671
1637,472.73101
1638,471.360878
1639,470.222387
1640,468.591058
1641,467.108244
1642,466.084544
1643,464.858591
1644,463.976075
1645,462.49346
1646,461.358745
1647,460.50289
1648,459.076613
1649,458.044805
1650,457.148251
1651,455.832865
1652,454.818283
1653,453.848284
1654,453.046923
1655,451.634194
1656,450.853501
1657,449.794693
1658,448.786981
1659,447.87002
1660,447.132666
1661,445.975408
1662,445.467917
1663,444.109013
1664,443.443413
1665,442.815397
1666,441.816789
1667,441.0984
1668,440.304435
1669,439.386677
1670,438.672745
1671,437.903074
1672,436.975705
1673,436.132761
1674,435.339855
1675,434.787536
1676,434.299824
1677,433.123644
1678,432.61042
1679,431.945645
1680,431.050209
1681,430.615999
1682,429.936435
1683,429.387763
1684,428.755234
1685,427.822006
1686,427.13238
1687,426.839033
1688,426.07593
1689,425.56975
1690,424.858418
1691,424.072092
1692,423.561315
1693,422.994345
1694,422.277024
1695,421.692861
1696,421.499699
1697,420.62528
1698,419.909276
1699,419.74617
1700,418.932008
1701,418.47577
1702,418.178712
1703,417.670398
1704,416.879887
1705,416.245188
1706,415.836803
1707,415.489163
1708,415.201875
1709,414.591832
1710,413.838106
1711,413.404759
1712,412.886981
1713,412.473226
1714,412.146372
1715,411.386242
1716,411.060452
1717,410.780234
1718,410.608628
1719,410.421677
1720,409.920795
1721,409.676167
1722,408.741013
1723,408.313687
1724,407.810327
1725,407.493786
1726,407.156412
1727,406.316993
1728,406.03309
1729,405.501252
1730,405.183764
1731,404.60145
1732,404.34629
1733,403.858164
1734,403.207952
1735,402.800333
1736,402.344612
1737,402.0703
1738,401.612874
1739,401.524755
1740,401.294087
1741,400.77464
1742,400.429073
1743,400.164898
1744,399.737457
1745,399.181557
1746,398.975256
1747,398.267722
1748,398.126947
1749,397.748896
1750,397.275079
1751,396.616045
1752,396.19914
1753,395.392077
1754,394.82472
1755,394.468323
1756,394.199103
1757,393.631052
1758,393.03287
1759,392.549282
1760,392.106117
1761,391.627099
1762,391.004566
1763,390.522781
1764,390.119371
1765,389.697212
1766,389.290542
1767,388.907463
1768,388.295617
1769,387.843582
1770,387.374888
1771,386.868218
1772,386.747966
1773,386.733449
1774,386.066668
1775,385.455309
1776,385.018982
1777,384.689659
1778,384.257064
1779,383.679835
1780,383.46097
1781,383.018665
1782,382.730033
1783,382.163898
1784,381.424394
1785,380.994518
1786,380.366497
1787,379.883837
1788,379.435331
1789,378.898047
1790,378.372325
1791,377.65098
1792,377.359473
1793,376.970175
1794,376.351342
1795,375.872705
1796,375.430059
1797,374.938079
1798,374.400602
1799,374.011759
1800,373.606498
1801,373.118492
1802,372.6586
1803,372.041202
1804,371.608716
1805,370.869547
1806,370.333554
1807,370.065911
1808,369.612881
1809,369.358178
1810,368.8259
1811,368.038781
1812,367.681075
1813,367.174692
1814,366.590613
1815,366.191126
1816,365.685951
1817,365.017079
1818,364.592021
1819,363.960876
1820,363.563848
1821,362.972079
1822,362.650405
1823,362.275409
1824,361.474754
1825,361.157395
1826,360.646041
1827,360.060448
1828,359.046718
1829,358.773679
1830,358.223282
1831,357.909401
1832,357.296705
1833,356.835206
1834,356.236881
1835,355.842006
1836,355.363581
1837,355.04273
1838,354.377117
1839,353.791846
1840,353.284557
1841,352.716465
1842,352.314632
1843,351.664589
1844,351.325607
1845,350.863015
1846,349.984915
1847,349.536334
1848,349.113433
1849,348.569359
1850,348.132376
1851,347.775766
1852,347.30624
1853,346.800326
1854,346.432163
1855,346.201324
1856,345.673858
1857,345.104301
1858,344.530758
1859,344.208199
1860,343.741251
1861,342.959618
1862,342.286477
1863,341.927935
1864,341.584454
1865,341.176791
1866,340.802957
1867,340.104029
1868,339.609309
1869,339.229486
1870,338.641812
1871,338.184231
1872,337.582736
1873,337.253241
1874,336.709633
1875,336.506838
1876,336.034399
1877,335.254598
1878,334.745565
1879,334.246223
1880,333.85485
1881,333.674501
1882,333.145189
1883,332.684891
1884,331.94376
1885,331.295293
1886,331.043059
1887,330.709114
1888,330.407855
1889,330.067599
1890,329.555006
1891,329.40437
1892,329.254735
1893,329.333079
1894,329.402482
1895,329.172755
1896,329.059021
1897,328.895396
1898,328.480075
1899,328.085262
1900,327.381392
1901,326.666349
1902,325.994961
1903,325.403726
1904,325.246122
1905,325.13487
1906,325.32614
1907,326.254692
1908,327.699205
1909,326.978434
1910,326.432709
1911,325.675168
1912,325.242433
1913,325.100893
1914,324.93607
1915,324.58837
1916,323.808
1917,322.996753
1918,322.644882
1919,322.021822
1920,321.797285
1921,321.164773
1922,320.491359
1923,320.082855
1924,319.475089
1925,319.222191
1926,318.729033
1927,318.054232
1928,317.836278
1929,317.256495
1930,316.991956
1931,316.481825
1932,316.021722
1933,315.298622
1934,314.730475
1935,314.340486
1936,314.005418
1937,313.546071
1938,313.025413
1939,312.597365
1940,312.20131
1941,311.676077
1942,311.43202
1943,311.049173
1944,310.999185
1945,310.818181
1946,310.793472
1947,310.597304
1948,310.543328
1949,310.42199
1950,310.271332
1951,309.774755
1952,309.202234
1953,308.844526
1954,308.535151
1955,308.116517
1956,307.956693
1957,307.273731
1958,306.655113
1959,306.24945
1960,305.80273
1961,305.414667
1962,305.183184
1963,304.772979
1964,304.341226
1965,303.872314
1966,303.45153
1967,302.910581
1968,302.285862
1969,301.84467
1970,301.501361
1971,301.025989
1972,300.473318
1973,300.173637
1974,299.848952
1975,299.605883
1976,299.277641
1977,298.987358
1978,298.494035
1979,298.12106
1980,297.879428
1981,297.590629
1982,296.944437
1983,296.523363
1984,296.008836
1985,295.713461
1986,295.318841
1987,295.190951
1988,294.823303
1989,294.731031
1990,294.412734
1991,294.072681
1992,293.715459
1993,293.345483
1994,293.077797
1995,292.950388
1996,292.815418
1997,292.678305
1998,292.430007
1999,292.345116
2000,292.377024
2001,292.465386
2002,292.947525
2003,292.78478
2004,292.594665
2005,292.29514
2006,291.977901
2007,291.686006
2008,291.547434
2009,291.315849
2010,290.975831
2011,290.830918
2012,290.583077
2013,290.315963
2014,290.423643
2015,290.470424
2016,290.586012
2017,290.542695
2018,290.814792
2019,290.838216
2020,290.14361
2021,289.969179
2022,289.842215
2023,289.912369
2024,289.891105
2025,289.783817
2026,289.571746
2027,289.539061
2028,289.471626
2029,289.385973
2030,289.365945
2031,289.292471
2032,289.312422
2033,289.291806
2034,289.277445
2035,289.302627
2036,289.325252
2037,289.251553
2038,289.314328
2039,289.486246
2040,289.281856
2041,289.338927
2042,289.332507
2043,289.101223
2044,289.289912
2045,289.230662
2046,289.228792
2047,289.229763
2048,289.308691
2049,289.248855
2050,289.157023
2051,289.274135
2052,289.437037
2053,289.595426
2054,289.723053
2055,289.975931
2056,289.984712
2057,290.325148
2058,290.324136
2059,290.614375
2060,290.746066
2061,291.023093
2062,291.207417
2063,291.320726
2064,291.502971
2065,291.463658
2066,291.938978
2067,292.079757
2068,292.414197
2069,292.610126
2070,292.966987
2071,293.409897
2072,293.921296
2073,294.518611
2074,295.632639
2075,296.40329
2076,297.003455
2077,297.725094
2078,298.364945
2079,299.064657
2080,299.806266
2081,300.704939
2082,301.687769
2083,303.288869
2084,304.49595
2085,305.719758
2086,306.866788
2087,308.140802
2088,308.956383
2089,309.430908
2090,310.255763
2091,311.290231
2092,312.307673
2093,312.856027
2094,313.556773
2095,314.157686
2096,314.919294
2097,315.502717
2098,316.23429
2099,317.019051
2100,318.130995
2101,319.244438
2102,320.653357
2103,322.037864
2104,323.373173
2105,324.952906
2106,326.309249
2107,326.926678
2108,326.984036
2109,327.201289
2110,327.37363
2111,327.511846
2112,327.952468
2113,328.479233
2114,328.939562
2115,329.418759
2116,329.981596
2117,330.616596
2118,331.125522
2119,331.915452
2120,332.45656
2121,333.063518
2122,333.663886
2123,334.400101
2124,335.123295
2125,335.749734
2126,336.521867
2127,337.297431
2128,337.949488
2129,338.710263
2130,339.572082
2131,340.216853
2132,341.0413
2133,341.809426
2134,342.568049
2135,343.449445
2136,344.190291
2137,345.153306
2138,345.975115
2139,347.000671
2140,348.003898
2141,348.993604
2142,350.000032
2143,350.943512
2144,351.953733
2145,352.87936
2146,353.912273
2147,355.065253
2148,356.1244
2149,357.127888
2150,358.124497
2151,359.085493
2152,360.23696
2153,361.273342
2154,362.345291
2155,363.569352
2156,364.688512
2157,365.839006
2158,366.86859
2159,368.00853
2160,369.247311
2161,370.555051
2162,371.567135
2163,372.838616
2164,374.124142
2165,375.507247
2166,376.657978
2167,377.969698
2168,379.398314
2169,380.599245
2170,382.154448
2171,383.649243
2172,385.327812
2173,386.784007
2174,388.267151
2175,389.884535
2176,391.547535
2177,392.59025
2178,393.751312
2179,395.137589
2180,396.475069
2181,398.024493
2182,399.557204
2183,401.273359
2184,402.797142
2185,404.417875
2186,405.913151
2187,407.67851
2188,409.312465
2189,411.199904
2190,412.873613
2191,414.680466
2192,416.484449
2193,418.168675
2194,419.991277
2195,421.694975
2196,423.5112
2197,425.098545
2198,426.968468
2199,428.845509
2200,430.666264
2201,432.434914
2202,434.343215
2203,436.146878
2204,438.00581
2205,439.898562
2206,441.857358
2207,443.764372
2208,445.883322
2209,447.665742
2210,449.665906
2211,452.120456
2212,380.938043
2213,333.865723
2214,301.884586
2215,284.28026
2216,270.642708
2217,260.256808
2218,252.181874
2219,246.012036
2220,240.975199
2221,236.729659
2222,233.396325
2223,230.637742
2224,228.696375
2225,225.511329
2226,224.134966
2227,223.675933
2228,224.504213
2229,227.232453
2230,229.885714
2231,232.477917
2232,234.605509
2233,235.604792
2234,232.069986
2235,230.741517
2236,231.140506
2237,232.059515
2238,231.358391
2239,230.863651
2240,230.988181
2241,230.802692
2242,227.812963
2243,226.93316
2244,226.585414
2245,226.075206
2246,225.59899
2247,224.808904
2248,224.425881
2249,223.549175
2250,223.12415
2251,222.990206
2252,222.343536
2253,222.253919
2254,222.192595
2255,221.739126
2256,221.695663
2257,221.765798
2258,221.362084
2259,221.641788
2260,221.736253
2261,222.482598
2262,222.648971
2263,221.935948
2264,220.314961
2265,217.121919
2266,213.712874
2267,210.1511
2268,206.390739
2269,202.593573
2270,199.793249
2271,197.528608
2272,195.364671
2273,193.889373
2274,192.13471
2275,190.724706
2276,189.255052
2277,186.092236
2278,184.964697
2279,183.863935
2280,182.714939
2281,181.558413
2282,180.842062
2283,180.625014
2284,180.306794
2285,179.658407
2286,179.246506
2287,178.994895
2288,178.547205
2289,177.793961
2290,177.615301
2291,177.463724
2292,177.145722
2293,177.135262
2294,177.272782
2295,176.909393
2296,176.909212
2297,176.765385
2298,176.65426
2299,176.890643
2300,177.390822
2301,177.315721
2302,177.421692
2303,177.741167
2304,178.256998
2305,178.506423
2306,178.656201
2307,179.097773
2308,179.718065
2309,180.081164
2310,180.88231
2311,181.896638
2312,184.123334
2313,185.778154
2314,187.458569
2315,188.950176
2316,190.697995
2317,193.29591
2318,196.708947
2319,198.518802
2320,182.95636
2321,177.280575
2322,176.014557
2323,175.302505
2324,174.579997
2325,174.10695
2326,173.613349
2327,173.106078
2328,172.768556
2329,172.389618
2330,171.981132
2331,171.458872
2332,171.445482
2333,170.988968
2334,170.885346
2335,170.298581
2336,169.517479
2337,169.086563
2338,168.520291
2339,168.035639
2340,167.37782
2341,166.728961
2342,166.315582
2343,166.322028
2344,166.03193
2345,165.510844
2346,165.341581
2347,165.263618
2348,165.157645
2349,165.274623
2350,165.134819
2351,165.297264
2352,165.292913
2353,165.250216
2354,164.881391
2355,164.885191
2356,164.771275
2357,164.51224
2358,164.291614
2359,164.313871
2360,164.519356
2361,164.734882
2362,164.852709
2363,165.019264
2364,165.205136
2365,165.32888
2366,165.506581
2367,165.745924
2368,166.03591
2369,166.213168
2370,166.62405
2371,167.212629
2372,167.62877
2373,167.824657
2374,168.325634
2375,168.446183
2376,168.528197
2377,168.878487
2378,168.80221
2379,168.856718
2380,169.167406
2381,169.28646
2382,169.494893
2383,169.446139
2384,169.347958
2385,169.38178
2386,169.405189
2387,169.327206
2388,169.002126
2389,168.992212
2390,168.855546
2391,168.319389
2392,168.028341
2393,167.758028
2394,167.333312
2395,167.036317
2396,166.95157
2397,166.561278
2398,166.262855
2399,166.078031
2400,165.897553
2401,165.422164
2402,165.153645
2403,164.957919
2404,164.88849
2405,164.718926
2406,164.608124
2407,164.471362
2408,164.2791
2409,164.374103
2410,164.322687
2411,164.140025
2412,164.221431
2413,164.058005
2414,163.878618
2415,163.744234
2416,163.351047
2417,163.261593
2418,163.313748
2419,163.103266
2420,162.873745
2421,162.583292
2422,162.311685
2423,162.17314
2424,161.882455
2425,161.891788
2426,161.379
2427,161.140686
2428,161.407803
2429,161.327617
2430,161.380052
2431,161.378211
2432,161.426682
2433,161.618637
2434,161.851899
2435,162.320775
2436,162.526875
2437,162.886123
2438,163.302123
2439,163.314358
2440,163.398765
2441,163.368994
2442,163.481979
2443,163.251336
2444,163.061413
2445,163.162681
2446,162.944927
2447,162.824493
2448,162.584137
2449,162.425853
2450,162.588349
2451,162.638311
2452,162.317816
2453,162.126861
2454,161.874139
2455,161.225868
2456,161.300077
2457,161.376584
2458,161.478268
2459,161.23779
2460,161.349647
2461,161.604955
2462,161.805826
2463,161.690546
2464,162.067499
2465,162.291115
2466,162.433576
2467,162.584754
2468,162.617274
2469,162.364049
2470,162.201223
2471,162.154005
2472,162.376343
2473,162.274987
2474,162.490362
2475,162.72643
2476,162.935958
2477,162.990402
2478,163.247095
2479,162.951981
2480,162.913512
2481,163.240893
2482,163.150561
2483,162.996875
2484,162.830994
2485,162.975355
2486,163.135016
2487,163.057717
2488,162.89189
2489,162.709445
2490,162.997748
2491,163.137166
2492,163.382788
2493,163.708913
2494,163.857454
2495,163.920342
2496,163.987855
2497,164.17279
2498,164.437412
2499,164.400261
2500,164.940573
2501,164.918546
2502,163.757813
2503,163.968474
2504,163.692813
2505,163.52687
2506,163.345409
2507,163.271251
2508,163.394905
2509,163.553284
2510,163.584596
2511,163.495257
2512,163.493047
2513,163.508173
2514,163.398136
2515,163.477614
2516,163.629648
2517,163.731275
2518,163.778852
2519,163.858253
2520,163.631554
2521,163.712218
2522,163.951396
2523,164.048423
2524,164.148622
2525,164.12548
2526,164.082981
2527,164.258474
2528,164.412622
2529,164.10574
2530,164.193094
2531,164.302136
2532,164.53607
2533,164.841664
2534,165.249541
2535,165.405878
2536,165.597327
2537,165.664724
2538,165.715456
2539,165.973955
2540,165.608981
2541,165.965409
2542,166.023453
2543,166.060537
2544,166.455113
2545,166.842514
2546,166.886274
2547,166.85666
2548,167.093362
2549,167.610068
2550,167.453342
2551,167.59381
2552,167.533025
2553,167.433644
2554,167.646705
2555,167.994862
2556,168.168807
2557,168.710457
2558,168.86316
2559,169.073371
2560,169.497878
2561,169.822386
2562,170.062099
2563,170.17769
2564,170.313066
2565,170.459969
2566,170.689125
2567,171.030063
2568,170.796415
2569,170.376212
2570,170.061405
2571,170.250143
2572,170.616495
2573,171.093355
2574,171.618949
2575,171.920842
2576,172.471064
2577,172.79779
2578,172.275716
2579,172.344258
2580,172.862914
2581,173.284999
2582,173.743296
2583,174.268329
2584,174.101245
2585,174.035451
2586,174.256108
2587,174.42147
2588,174.706081
2589,174.686372
2590,174.54742
2591,174.668227
2592,174.713931
2593,175.226081
2594,174.835382
2595,174.832945
2596,175.306999
2597,175.851734
2598,176.318335
2599,176.802129
2600,177.736699
2601,178.413608
2602,179.143597
2603,179.102308
2604,179.436853
2605,179.544524
2606,179.418519
2607,179.828169
2608,180.677033
2609,181.513739
2610,181.729866
2611,182.175646
2612,183.14802
2613,183.739418
2614,184.073972
2615,184.627756
2616,185.38788
2617,186.076198
2618,186.774237
2619,187.319002
2620,187.170956
2621,188.081849
2622,189.434185
2623,191.840201
2624,206.125769
2625,265.757688
2626,314.131815
2627,269.238451
2628,196.335876
2629,168.904851
2630,78.420687
2631,67.834319
2632,54.784396
2633,33.244627
2634,21.475334
2635,23.200445
2636,18.336301
2637,15.113449
2638,2.100765
2639,-0.214017
2640,1.092323
2641,2.405944
2642,-3.573819
2643,-8.430034
2644,-16.072329
2645,-13.406977
2646,-6.372804
2647,10.496517
2648,-27.765448
2649,-33.319301
2650,-37.577791
2651,-38.669036
2652,-38.537474
2653,-38.872775
2654,-41.309443
2655,-42.689776
2656,-47.108623
2657,-49.514151
2658,-43.16511
2659,-37.480776
2660,-35.37368
2661,-36.472
2662,-35.917374
2663,-35.854391
2664,-35.235395
2665,-35.432648
2666,-33.48449
2667,-33.412956
2668,-31.388541
2669,-30.188071
2670,-30.169402
2671,-30.078543
2672,-29.202464
2673,-28.761739
2674,-28.380686
2675,-28.368408
2676,-28.616048
2677,-28.521887
2678,-28.245685
2679,-27.957402
2680,-28.173622
2681,-28.561805
2682,-28.703441
2683,-28.611726
2684,-28.828731
2685,-29.081611
2686,-29.21473
2687,-29.388152
2688,-29.687447
2689,-30.035406
2690,-30.533372
2691,-30.636919
2692,-30.892333
2693,-30.996052
2694,-31.298782
2695,-31.851949
2696,-32.161842
2697,-32.567137
2698,-33.152639
2699,-34.208211
2700,-34.454126
2701,-34.823621
2702,-35.512898
2703,-35.975426
2704,-36.54921
2705,-37.080445
2706,-37.419946
2707,-37.869294
2708,-38.29746
2709,-38.556916
2710,-38.900437
2711,-39.519332
2712,-39.875622
2713,-40.581087
2714,-41.119022
2715,-41.570922
2716,-42.078925
2717,-42.485927
2718,-43.094451
2719,-43.570976
2720,-43.754164
2721,-44.101422
2722,-44.329508
2723,-44.702742
2724,-45.295761
2725,-45.661228
2726,-45.82471
2727,-46.093846
2728,-46.487329
2729,-46.80198
2730,-47.246133
2731,-47.759073
2732,-48.0814
2733,-48.246103
2734,-48.765594
2735,-49.101384
2736,-49.367507
2737,-49.542091
2738,-49.970926
2739,-50.283561
2740,-50.60945
2741,-50.924713
2742,-51.194277
2743,-51.378142
2744,-51.679179
2745,-51.870052
2746,-52.192436
2747,-52.431767
2748,-52.550283
2749,-52.848334
2750,-52.790422
2751,-53.001097
2752,-53.205652
2753,-53.409327
2754,-53.66148
2755,-54.113488
2756,-54.302092
2757,-54.534158
2758,-54.559115
2759,-54.61582
2760,-54.885941
2761,-54.945179
2762,-55.255285
2763,-55.720392
2764,-55.991623
2765,-56.142448
2766,-56.316117
2767,-56.715408
2768,-57.01002
2769,-57.283061
2770,-57.534952
2771,-57.750629
2772,-58.293223
2773,-58.616423
2774,-58.879663
2775,-59.069646
2776,-59.367219
2777,-59.589295
2778,-59.711817
2779,-59.980929
2780,-60.149505
2781,-60.378266
2782,-60.604713
2783,-60.716936
2784,-60.747215
2785,-60.669845
2786,-60.76436
2787,-60.64456
2788,-60.756649
2789,-61.041344
2790,-61.110046
2791,-61.181461
2792,-61.238161
2793,-61.627851
2794,-61.847142
2795,-61.975276
2796,-61.991976
2797,-62.220282
2798,-62.45847
2799,-62.553691
2800,-62.585888
2801,-62.819983
2802,-62.942242
2803,-63.096455
2804,-63.226409
2805,-63.514591
2806,-63.680751
2807,-63.870651
2808,-64.044169
2809,-64.297011
2810,-64.468629
2811,-64.695199
2812,-64.91218
2813,-65.107894
2814,-65.239403
2815,-65.533618
2816,-65.791772
2817,-65.947731
2818,-66.282247
2819,-66.41157
2820,-66.54978
2821,-66.71744
2822,-66.86297
2823,-67.195221
2824,-67.439534
2825,-67.715472
2826,-68.005016
2827,-68.226771
2828,-68.591611
2829,-68.965132
2830,-69.182725
2831,-69.439528
2832,-69.7081
2833,-70.105412
2834,-70.389191
2835,-70.672083
2836,-70.989392
2837,-71.214378
2838,-71.47686
2839,-71.795285
2840,-72.084382
2841,-72.418099
2842,-72.710273
2843,-72.993215
2844,-73.190035
2845,-73.392334
2846,-73.61743
2847,-73.790556
2848,-74.204109
2849,-74.595763
2850,-74.761174
2851,-75.001198
2852,-75.364391
2853,-75.569876
2854,-75.738639
2855,-76.026046
2856,-76.318039
2857,-76.660415
2858,-76.994708
2859,-77.355884
2860,-77.631244
2861,-78.142097
2862,-78.400974
2863,-78.740186
2864,-79.075556
2865,-79.476358
2866,-79.844994
2867,-80.207096
2868,-80.479107
2869,-80.944814
2870,-81.218714
2871,-81.669541
2872,-81.955365
2873,-82.329094
2874,-82.724531
2875,-83.166182
2876,-83.577203
2877,-83.996217
2878,-84.269391
2879,-84.63404
2880,-84.938865
2881,-85.307447
2882,-85.663667
2883,-86.022702
2884,-86.372966
2885,-86.690818
2886,-87.037573
2887,-87.402997
2888,-87.704758
2889,-87.961954
2890,-88.397326
2891,-88.680639
2892,-89.19631
2893,-89.523925
2894,-89.955729
2895,-90.351884
2896,-90.638383
2897,-90.897714
2898,-91.278712
2899,-91.673052
2900,-92.035823
2901,-92.419404
2902,-92.722797
2903,-93.101199
2904,-93.364865
2905,-93.672737
2906,-94.040905
2907,-94.423285
2908,-94.68542
2909,-95.088473
2910,-95.509588
2911,-95.825164
2912,-96.107628
2913,-96.455589
2914,-96.763973
2915,-97.009853
2916,-97.265884
2917,-97.579284
2918,-97.840816
2919,-98.157386
2920,-98.374283
2921,-98.631435
2922,-98.983383
2923,-99.318021
2924,-99.533794
2925,-99.897761
2926,-100.207502
2927,-100.529434
2928,-100.738165
2929,-101.061779
2930,-101.317314
2931,-101.647513
2932,-101.842845
2933,-102.235256
2934,-102.547317
2935,-102.738984
2936,-102.970326
2937,-103.2109
2938,-103.540984
2939,-103.749742
2940,-103.987479
2941,-104.301681
2942,-104.465394
2943,-104.645714
2944,-104.904799
2945,-105.236631
2946,-105.482865
2947,-105.703436
2948,-105.957773
2949,-106.1931
2950,-106.379206
2951,-106.713906
2952,-107.007169
2953,-107.313843
2954,-107.505422
2955,-107.81992
2956,-108.011874
2957,-108.343324
2958,-108.452545
2959,-108.684905
2960,-108.907189
2961,-109.122462
2962,-109.338895
2963,-109.591455
2964,-109.755649
2965,-109.950509
2966,-110.112682
2967,-110.41458
2968,-110.523889
2969,-110.744721
2970,-111.034776
2971,-111.212604
2972,-111.408512
2973,-111.640148
2974,-111.775783
2975,-111.909514
2976,-112.074152
2977,-112.18477
2978,-112.422154
2979,-112.56218
2980,-112.803297
2981,-112.907933
2982,-113.048763
2983,-113.226665
2984,-113.369676
2985,-113.480622
2986,-113.565848
2987,-113.759479
2988,-113.902373
2989,-114.117741
2990,-114.283966
2991,-114.491522
2992,-114.604862
2993,-114.747175
2994,-114.896956
2995,-115.065766
2996,-115.212492
2997,-115.250734
2998,-115.248791
2999,-115.289284
3000,-115.399349
3001,-115.464198
3002,-115.629136
3003,-115.679313
3004,-115.810683
3005,-115.838446
3006,-115.998533
3007,-115.983895
3008,-116.008519
3009,-116.120335
3010,-116.182379
3011,-116.185517
3012,-116.383554
3013,-116.36207
3014,-116.382092
3015,-116.490758
3016,-116.600908
3017,-116.671648
3018,-116.716321
3019,-116.736815
3020,-116.749217
3021,-116.877731
3022,-116.931173
3023,-116.931673
3024,-117.006051
3025,-117.069716
3026,-117.180239
3027,-117.180365
3028,-117.268504
3029,-117.255382
3030,-117.317519
3031,-117.385623
3032,-117.469995
3033,-117.437843
3034,-117.373877
3035,-117.443902
3036,-117.501396
3037,-117.474348
3038,-117.489982
3039,-117.491804
3040,-117.598502
3041,-117.65287
3042,-117.683364
3043,-117.701231
3044,-117.781862
3045,-117.923919
3046,-117.815829
3047,-117.790703
3048,-117.941717
3049,-117.931002
3050,-118.014448
3051,-118.023314
3052,-118.039591
3053,-118.032478
3054,-118.077596
3055,-118.153347
3056,-118.151073
3057,-118.176274
3058,-118.239233
3059,-118.3153
3060,-118.380943
3061,-118.347325
3062,-118.314382
3063,-118.335028
3064,-118.347208
3065,-118.417941
3066,-118.457434
3067,-118.389918
3068,-118.465095
3069,-118.497548
3070,-118.487277
3071,-118.557785
3072,-118.526124
3073,-118.586168
3074,-118.573981
3075,-118.620723
3076,-118.681401
3077,-118.655176
3078,-118.717829
3079,-118.674952
3080,-118.826555
3081,-118.945636
3082,-119.1954
3083,-119.167422
3084,-119.144103
3085,-119.307264
3086,-119.268341
3087,-119.292128
3088,-119.329901
3089,-119.234163
3090,-119.268814
3091,-119.270144
3092,-119.296795
3093,-119.296787
3094,-119.243209
3095,-119.276272
3096,-119.146062
3097,-119.153259
3098,-119.213466
3099,-119.074372
3100,-119.073454
3101,-118.982265
3102,-118.888173
3103,-118.87142
3104,-118.894622
3105,-118.800857
3106,-118.795025
3107,-118.755849
3108,-118.58218
3109,-118.700285
3110,-118.674419
3111,-118.706413
3112,-118.657805
3113,-118.773032
3114,-118.800656
3115,-118.850824
3116,-118.77113
3117,-118.759515
3118,-118.77954
3119,-118.738584
3120,-118.72804
3121,-118.645169
3122,-118.762381
3123,-118.790718
3124,-118.656377
3125,-118.645145
3126,-118.583914
3127,-118.541973
3128,-118.522622
3129,-118.525913
3130,-118.459871
3131,-118.48217
3132,-118.372717
3133,-118.441975
3134,-118.388353
3135,-118.396335
3136,-118.365891
3137,-118.433452
3138,-118.30928
3139,-118.351076
3140,-118.345976
3141,-118.297796
3142,-118.219993
3143,-118.255204
3144,-118.268663
3145,-118.213991
3146,-118.182571
3147,-118.170947
3148,-118.058195
3149,-118.02634
3150,-117.964835
3151,-117.966646
3152,-117.90973
3153,-117.854999
3154,-117.766619
3155,-117.722959
3156,-117.763646
3157,-117.656333
3158,-117.591683
3159,-117.688066
3160,-117.693503
3161,-117.67167
3162,-117.615166
3163,-117.6027
3164,-117.496629
3165,-117.387341
3166,-117.416519
3167,-117.340082
3168,-117.359899
3169,-117.364295
3170,-117.408923
3171,-117.299068
3172,-117.330768
3173,-117.274764
3174,-117.232348
3175,-117.196518
3176,-117.169927
3177,-117.209893
3178,-117.132573
3179,-117.128308
3180,-117.086285
3181,-116.998254
3182,-116.908701
3183,-116.951794
3184,-116.918752
3185,-116.907065
3186,-116.785653
3187,-116.723729
3188,-116.696198
3189,-116.712497
3190,-116.763418
3191,-116.716718
3192,-116.683794
3193,-116.64793
3194,-116.66562
3195,-116.635351
3196,-116.506545
3197,-116.600929
3198,-116.508351
3199,-116.567581
3200,-116.612941
3201,-116.604469
3202,-116.513529
3203,-116.499864
3204,-116.483647
3205,-116.503144
3206,-116.463484
3207,-116.408604
3208,-116.339885
3209,-116.33972
3210,-116.2781
3211,-116.282848
3212,-116.169938
3213,-116.050062
3214,-115.990867
3215,-115.923767
3216,-115.827089
3217,-115.874386
3218,-115.848532
3219,-115.74842
3220,-115.693846
3221,-115.632855
3222,-115.592275
3223,-115.515875
3224,-115.511859
3225,-115.517045
3226,-115.52031
3227,-115.437538
3228,-115.397933
3229,-115.423062
3230,-115.304293
3231,-115.306673
3232,-115.328652
3233,-115.257295
3234,-115.306304
3235,-115.369706
3236,-115.299143
3237,-115.219543
3238,-115.271321
3239,-115.1576
3240,-115.136918
3241,-115.142969
3242,-115.086131
3243,-115.210638
3244,-115.096277
3245,-115.030332
3246,-114.898293
3247,-114.849178
3248,-114.743432
3249,-114.777012
3250,-114.700261
3251,-114.681324
3252,-114.577444
3253,-114.563509
3254,-114.647591
3255,-114.63738
3256,-114.639349
3257,-114.626012
3258,-114.628901
3259,-114.631145
3260,-114.610579
3261,-114.568759
3262,-114.666942
3263,-114.661481
3264,-114.667296
3265,-114.68358
3266,-114.694135
3267,-114.729918
3268,-114.66238
3269,-114.639607
3270,-114.716511
3271,-114.686861
3272,-114.711742
3273,-114.704159
3274,-114.707245
3275,-114.779492
3276,-114.621972
3277,-114.651947
3278,-114.700172
3279,-114.710976
3280,-114.719193
3281,-114.631173
3282,-114.653305
3283,-114.638612
3284,-114.626901
3285,-114.592118
3286,-114.639447
3287,-114.72853
3288,-114.709127
3289,-114.634732
3290,-114.580996
3291,-114.571259
3292,-114.570687
3293,-114.594326
3294,-114.534368
3295,-114.526729
3296,-114.574371
3297,-114.566152
3298,-114.499865
3299,-114.450083
3300,-114.501987
3301,-114.527035
3302,-114.58743
3303,-114.507938
3304,-114.481567
3305,-114.464719
3306,-114.457452
3307,-114.400195
3308,-114.447698
3309,-114.367383
3310,-114.375157
3311,-114.376138
3312,-114.355637
3313,-114.212171
3314,-114.118406
3315,-114.067346
3316,-114.076519
3317,-114.009061
3318,-113.918528
3319,-113.889885
3320,-113.905949
3321,-113.90631
3322,-113.774201
3323,-113.839461
3324,-113.737731
3325,-113.653408
3326,-113.766924
3327,-113.636557
3328,-113.594474
3329,-113.460123
3330,-113.289304
3331,-113.26262
3332,-113.131381
3333,-112.895129
3334,-112.708184
3335,-112.467294
3336,-112.374622
3337,-112.161851
3338,-111.966854
3339,-111.788393
3340,-111.62588
3341,-111.472443
3342,-111.353097
3343,-111.241579
3344,-111.168675
3345,-111.173391
3346,-111.133284
3347,-111.102244
3348,-111.004753
3349,-110.953454
3350,-110.974316
3351,-110.91222
3352,-110.835819
3353,-110.714054
3354,-110.566068
3355,-110.46619
3356,-110.315594
3357,-110.214299
3358,-110.091641
3359,-109.993248
3360,-109.952628
3361,-109.835524
3362,-109.696672
3363,-109.64244
3364,-109.510645
3365,-109.520985
3366,-109.344444
3367,-109.324127
3368,-109.218056
3369,-109.141441
3370,-109.065241
3371,-109.04246
3372,-108.949569
3373,-108.912681
3374,-108.926645
3375,-108.81762
3376,-108.684135
3377,-108.612651
3378,-108.56019
3379,-108.528459
3380,-108.526282
3381,-108.513572
3382,-108.499486
3383,-108.525053
3384,-108.499486
3385,-108.502576
3386,-108.470788
3387,-108.421158
3388,-108.377691
3389,-108.411694
3390,-108.360526
3391,-108.36914
3392,-108.403085
3393,-108.469126
3394,-108.346861
3395,-108.345414
3396,-108.308912
3397,-108.312095
3398,-108.344606
3399,-108.386976
3400,-108.474691
3401,-108.502806
3402,-108.664993
3403,-108.610391
3404,-108.691761
3405,-108.800482
3406,-108.881282
3407,-108.967752
3408,-108.96325
3409,-109.093824
3410,-109.169001
3411,-109.298929
3412,-109.258209
3413,-109.355715
3414,-109.461087
3415,-109.407451
3416,-109.438749
3417,-109.458796
3418,-109.526984
3419,-109.530174
3420,-109.642538
3421,-109.653823
3422,-109.765197
3423,-109.800018
3424,-109.906204
3425,-109.902026
3426,-109.985687
3427,-110.07107
3428,-110.163206
3429,-110.339869
3430,-110.322183
3431,-110.292904
3432,-110.371093
3433,-110.379613
3434,-110.499133
3435,-110.66172
3436,-110.629539
3437,-110.75137
3438,-110.798218
3439,-110.736997
3440,-110.802189
3441,-110.688545
3442,-110.70453
3443,-110.786015
3444,-110.909044
3445,-110.902234
3446,-111.007946
3447,-111.104598
3448,-111.224908
3449,-111.256105
3450,-111.330374
3451,-111.460416
3452,-111.450464
3453,-111.566781
3454,-111.69481
3455,-111.744504
3456,-111.740385
3457,-111.783996
3458,-111.790077
3459,-111.899137
3460,-111.885181
3461,-111.983045
3462,-111.968459
3463,-111.97591
3464,-112.035095
3465,-112.098858
3466,-112.037973
3467,-112.115738
3468,-112.06448
3469,-112.106299
3470,-112.093409
3471,-112.147959
3472,-112.10678
3473,-112.057127
3474,-112.095536
3475,-112.153771
3476,-112.200906
3477,-112.098743
3478,-112.052568
3479,-112.111157
3480,-112.064795
3481,-111.961992
3482,-111.91302
3483,-111.852211
3484,-111.663433
3485,-111.615145
3486,-111.529066
3487,-111.248145
3488,-111.163257
3489,-111.129318
3490,-110.920135
3491,-110.717606
3492,-110.580699
3493,-110.479728
3494,-110.446038
3495,-110.401776
3496,-110.299817
3497,-110.15399
3498,-110.115378
3499,-110.046424
3500,-109.935139
3501,-109.828948
3502,-109.705235
3503,-109.627627
3504,-109.641414
3505,-109.587862
3506,-109.422805
3507,-109.29509
3508,-109.100727
3509,-109.058866
3510,-108.97543
3511,-108.85871
3512,-108.816077
3513,-108.637716
3514,-108.549077
3515,-108.444721
3516,-108.375887
3517,-108.277052
3518,-108.119811
3519,-107.969543
3520,-107.782432
3521,-107.548997
3522,-107.321803
3523,-107.170145
3524,-106.997534
3525,-106.870238
3526,-106.835395
3527,-106.645371
3528,-106.575841
3529,-106.493392
3530,-106.317954
3531,-106.118341
3532,-106.071304
3533,-105.914257
3534,-105.828802
3535,-105.786088
3536,-105.731856
3537,-105.696829
3538,-105.583666
3539,-105.502734
3540,-105.500601
3541,-105.372498
3542,-105.354475
3543,-105.296991
3544,-105.223976
3545,-105.223545
3546,-105.256379
3547,-105.179798
3548,-105.053532
3549,-105.015281
3550,-104.949078
3551,-104.799352
3552,-104.826489
3553,-104.703521
3554,-104.807707
3555,-104.717354
3556,-104.653291
3557,-104.631382
3558,-104.595257
3559,-104.545403
3560,-104.404645
3561,-104.404221
3562,-104.339312
3563,-104.332613
3564,-104.257493
3565,-104.095533
3566,-104.112223
3567,-103.991359
3568,-103.903916
3569,-103.939976
3570,-103.844673
3571,-103.743915
3572,-103.64479
3573,-103.544594
3574,-103.508983
3575,-103.431995
3576,-103.363362
3577,-103.298953
3578,-103.227744
3579,-103.138316
3580,-103.060379
3581,-102.986787
3582,-102.986127
3583,-102.89125
3584,-102.649274
3585,-102.579338
3586,-102.50051
3587,-102.562104
3588,-102.58476
3589,-102.624989
3590,-102.597502
3591,-102.605866
3592,-102.548353
3593,-102.544287
3594,-102.481736
3595,-102.349637
3596,-102.365069
3597,-102.327847
3598,-102.439462
3599,-102.432719
3600,-102.321429
3601,-102.233895
3602,-102.290741
3603,-102.158314
3604,-102.147216
3605,-102.081376
3606,-102.060198
3607,-101.921215
3608,-101.879871
3609,-101.741931
3610,-101.664342
3611,-101.556439
3612,-101.49083
3613,-101.356872
3614,-101.229319
3615,-101.410373
3616,-102.004443
3617,-102.6638
3618,-103.38748
3619,-104.076716
3620,-104.582171
3621,-105.077202
3622,-105.454055
3623,-105.880498
3624,-106.002121
3625,-106.30603
3626,-106.51457
3627,-107.375616
3628,-108.21026
3629,-108.845052
3630,-109.525678
3631,-110.121168
3632,-110.508354
3633,-110.840146
3634,-111.091885
3635,-111.359837
3636,-111.561414
3637,-111.648488
3638,-111.835338
3639,-112.003883
3640,-112.230123
3641,-112.256085
3642,-112.268876
3643,-112.298337
3644,-112.413155
3645,-112.396752
3646,-112.476309
3647,-112.498381
3648,-112.549594
3649,-112.557927
3650,-112.647442
3651,-112.777491
3652,-112.817828
3653,-112.808457
3654,-112.751109
3655,-112.689046
3656,-112.679392
3657,-112.706438
3658,-112.672049
3659,-112.65296
3660,-112.617033
3661,-112.749465
3662,-112.567284
3663,-112.575462
3664,-112.539041
3665,-112.568179
3666,-112.59289
3667,-112.534202
3668,-112.430203
3669,-112.346484
3670,-112.327607
3671,-112.280472
3672,-112.200751
3673,-112.269173
3674,-112.290863
3675,-112.355987
3676,-112.425357
3677,-112.580973
3678,-112.543143
3679,-112.612178
3680,-112.680794
3681,-112.676757
3682,-112.628199
3683,-112.628632
3684,-112.627383
3685,-112.554378
3686,-112.576964
3687,-112.745083
3688,-112.703118
3689,-112.687453
3690,-112.744682
3691,-112.706882
3692,-112.621133
3693,-112.678474
3694,-112.554146
3695,-112.605002
3696,-112.629275
3697,-112.573188
3698,-112.59326
3699,-112.675915
3700,-112.742196
3701,-112.574934
3702,-112.490473
3703,-112.537754
3704,-112.55537
3705,-112.483609
3706,-112.514457
3707,-112.438646
3708,-112.398225
3709,-112.424003
3710,-112.366279
3711,-112.277648
3712,-112.297524
3713,-112.243616
3714,-112.218128
3715,-112.186399
3716,-112.216425
3717,-112.163492
3718,-112.187841
3719,-112.070249
3720,-112.068893
3721,-112.003706
3722,-111.934939
3723,-111.910822
3724,-111.919823
3725,-111.970638
3726,-111.932074
3727,-111.91148
3728,-111.88032
3729,-111.812589
3730,-111.757549
3731,-111.718968
3732,-111.720171
3733,-111.659037
3734,-111.62002
3735,-111.578279
3736,-111.687244
3737,-111.62506
3738,-111.370916
3739,-111.602083
3740,-111.528394
3741,-111.528052
3742,-111.404015
3743,-111.385715
3744,-111.519132
3745,-111.463174
3746,-111.547888
3747,-111.498811
3748,-111.539569
3749,-111.69504
3750,-111.617446
3751,-111.618152
3752,-111.606384
3753,-111.566908
3754,-111.532644
3755,-111.572115
3756,-111.543283
3757,-111.595654
3758,-111.646568
3759,-111.639454
3760,-111.612242
3761,-111.623797
3762,-111.608596
3763,-111.650462
3764,-111.566171
3765,-111.514538
3766,-111.562084
3767,-111.454726
3768,-111.470218
3769,-111.497613
3770,-111.49845
3771,-111.474722
3772,-111.522153
3773,-111.476731
3774,-111.471689
3775,-111.470422
3776,-111.446271
3777,-111.443922
3778,-111.381551
3779,-111.38483
3780,-111.407467
3781,-111.275473
3782,-111.285215
3783,-111.172466
3784,-111.214309
3785,-111.236351
3786,-111.187731
3787,-111.114288
3788,-111.23305
3789,-111.161707
3790,-111.103027
3791,-111.122997
3792,-111.143512
3793,-111.073824
3794,-111.11159
3795,-111.091964
3796,-111.036922
3797,-111.029079
3798,-111.140883
3799,-111.106691
3800,-111.220579
3801,-111.197899
3802,-111.258815
3803,-111.255795
3804,-111.255931
3805,-111.24146
3806,-111.153453
3807,-111.126864
3808,-111.187384
3809,-111.145578
3810,-111.163015
3811,-111.216249
3812,-111.072585
3813,-111.160107
3814,-111.184741
3815,-111.228556
3816,-111.208122
3817,-111.219828
3818,-111.198896
3819,-111.166847
3820,-111.206084
3821,-111.233265
3822,-111.229976
3823,-111.265336
3824,-111.328159
3825,-111.305893
3826,-111.328288
3827,-111.287882
3828,-111.232411
3829,-111.15479
3830,-111.190797
3831,-111.153386
3832,-111.156619
3833,-111.107483
3834,-111.041199
3835,-111.019105
3836,-111.096437
3837,-111.06439
3838,-110.993808
3839,-110.95068
3840,-110.92673
3841,-110.908044
3842,-110.952804
3843,-110.924941
3844,-111.006076
3845,-110.989534
3846,-110.968373
3847,-110.990928
3848,-110.928177
3849,-110.935209
3850,-110.98419
3851,-111.011238
3852,-110.986671
3853,-111.011266
3854,-110.992765
3855,-110.987037
3856,-110.992057
3857,-110.895867
3858,-110.851313
3859,-110.801318
3860,-110.649686
3861,-110.618166
3862,-110.022773
3863,-109.978085
3864,-109.878554
3865,-109.867805
3866,-109.928238
3867,-109.909455
3868,-109.928047
3869,-110.035847
3870,-110.110867
3871,-109.996534
3872,-110.265689
3873,-110.236503
3874,-110.42718
3875,-110.487477
3876,-110.650186
