heldout,model,representation,n_train,n_test,mae_s,rmse_s,medae_s,r2,bias_s
TS0330A,huber,temperature,239,41,16.95713392932074,19.85104690977899,15.162083314813913,0.9718525668989825,-2.645638369303005
TS0330A,huber,pressure_absolute,239,41,123.63749235557738,131.70352648711074,128.25487240296297,-0.23898706351007726,71.28253545444352
TS0330A,huber,pressure_shape,239,41,114.04782056729317,134.74225972716687,110.69524343241028,-0.29681975402737804,-33.07299496229827
TS0330A,huber,fusion_absolute,239,41,89.17863100323403,90.589066178303,92.93352377629196,0.4138300777816456,89.17863100323403
TS0330A,huber,fusion_shape,239,41,30.405461726964777,35.33223517205519,30.728202574653437,0.9108309398390418,5.366036042012165
TS0330A,rf,temperature,239,41,14.994404280450746,21.866255097297785,7.7492647205456535,0.9658476348585642,5.757127558701887
TS0330A,rf,pressure_absolute,239,41,99.46519239173469,118.1385559287268,79.20378121120052,0.003091543076792158,-15.809512559466933
TS0330A,rf,pressure_shape,239,41,99.09076792814503,123.50495807433904,107.79753914983024,-0.0895339049245889,-30.90178205124732
TS0330A,rf,fusion_absolute,239,41,35.43943763225495,38.96730641419359,39.51975209134764,0.8915392164873105,26.52840015199595
TS0330A,rf,fusion_shape,239,41,20.88738173599919,28.464738162325276,16.00250246412179,0.9421256200964474,-9.622478986192103
TS0330B,huber,temperature,242,38,55.90786491643792,59.2931339335236,63.613726913711076,0.7076361137913707,-53.58388536451667
TS0330B,huber,pressure_absolute,242,38,92.85992196042154,101.47197673119796,96.21976049947921,0.14373704268301235,0.42094741245324485
TS0330B,huber,pressure_shape,242,38,125.88304157863377,144.53500318061128,132.75260617235418,-0.7372446689745793,-70.93421845088781
TS0330B,huber,fusion_absolute,242,38,42.1743989707713,45.68947142780228,44.49746639839094,0.8264010146069056,-35.67442038927769
TS0330B,huber,fusion_shape,242,38,59.36837396675541,64.9853081216039,66.03331739874798,0.6488074618162332,-57.565760224565146
TS0330B,rf,temperature,242,38,53.74479037551218,57.1429495544319,57.26330104991861,0.7284559930328193,-51.454930366659454
TS0330B,rf,pressure_absolute,242,38,164.94217269669758,187.80015330527763,169.61153535122952,-1.9329644558408123,-12.747355432592046
TS0330B,rf,pressure_shape,242,38,87.37546242521958,111.53334418387333,82.47255308827826,-0.034485394165351346,-39.64931067424423
TS0330B,rf,fusion_absolute,242,38,29.666641059592543,36.02273969653554,22.53709640056465,0.8920883346990139,-24.023762248169795
TS0330B,rf,fusion_shape,242,38,43.58856362771956,49.6408174531698,45.64949264683807,0.7950760284890704,-42.10780743382479
TS0330C,huber,temperature,247,33,70.519682165123,71.49377390582794,69.81602296678614,0.4362470911068774,-70.519682165123
TS0330C,huber,pressure_absolute,247,33,59.114842367301264,75.64110562089807,44.6450612313846,0.368943728725898,-48.15106731437116
TS0330C,huber,pressure_shape,247,33,84.98163508884262,99.01592248953256,81.17885513172934,-0.08134039409409399,-65.66200771728828
TS0330C,huber,fusion_absolute,247,33,56.20242442294162,58.03016031674902,58.17491913086144,0.6285846132660744,-56.20242442294162
TS0330C,huber,fusion_shape,247,33,62.18569019808818,66.1407555338591,65.04092054803652,0.5175074033908403,-61.69483250662906
TS0330C,rf,temperature,247,33,67.3430804880051,68.52375323422237,68.21404847445785,0.4821134458855221,-67.3430804880051
TS0330C,rf,pressure_absolute,247,33,77.71498583578608,91.49692645998647,72.87108936478865,0.07665210827674573,-55.88955345369693
TS0330C,rf,pressure_shape,247,33,68.45252942295417,87.33505401082729,46.923117336410996,0.1587413611315308,-50.3042778522073
TS0330C,rf,fusion_absolute,247,33,44.87197167720029,45.92944253964609,46.392864364749016,0.767333048676178,-44.87197167720029
TS0330C,rf,fusion_shape,247,33,56.69393329325415,58.48251213406971,56.253651935268664,0.6227715927744547,-56.69393329325415
TS0330D,huber,temperature,248,32,23.842153119067465,29.15588565723671,23.5822469605271,0.9002855520870544,-23.362593395834754
TS0330D,huber,pressure_absolute,248,32,48.5414370049199,58.47933468475132,46.26172514543222,0.5988466175752306,-32.33689655887125
TS0330D,huber,pressure_shape,248,32,38.21021743401943,47.7864758931393,30.777066199395136,0.732135216623392,3.2253172573327156
TS0330D,huber,fusion_absolute,248,32,21.081943077253648,26.42272686267155,18.871155709608388,0.9181043407789625,-16.711003301158737
TS0330D,huber,fusion_shape,248,32,47.98666037735353,52.43866482451951,46.805231720560585,0.677441223627179,-45.608316834527436
TS0330D,rf,temperature,248,32,19.402134713872577,21.114084992176778,19.817650959961327,0.9477062070314528,-19.402134713872577
TS0330D,rf,pressure_absolute,248,32,47.71981369025145,69.61516590089082,25.931175996599762,0.43152242540662167,10.533074464103564
TS0330D,rf,pressure_shape,248,32,49.707303400021445,59.72275754411174,43.391004429738956,0.5816061268419055,-18.667718933523055
TS0330D,rf,fusion_absolute,248,32,17.822924748342572,22.526819961975278,14.560301655807507,0.9404741797537539,-2.093804227996843
TS0330D,rf,fusion_shape,248,32,34.559874954731576,41.403147115974335,27.839440064336046,0.7989184057352476,-31.100738518352678
TS0330E,huber,temperature,241,39,43.914255516965554,46.22729678703449,42.36695274743886,0.8312923972444813,43.914255516965554
TS0330E,huber,pressure_absolute,241,39,48.78214583369309,59.58862539470935,41.966734775913096,0.7196733465975527,6.9349543148902155
TS0330E,huber,pressure_shape,241,39,96.12449800391877,111.6476676437854,80.68223746638319,0.01590512971338154,25.209254664010164
TS0330E,huber,fusion_absolute,241,39,41.406275980789005,44.518287723461135,36.26318616100491,0.8435359519608786,41.406275980789005
TS0330E,huber,fusion_shape,241,39,50.224486402720515,55.29682336509404,47.36787523836563,0.7585995783470728,49.83269457225918
TS0330E,rf,temperature,241,39,49.38286523447154,51.88119170221902,55.616273961785396,0.7875006800703368,49.38286523447154
TS0330E,rf,pressure_absolute,241,39,72.93730067133903,90.56348546254434,61.3992454028471,0.3524938237533304,-2.113806296289432
TS0330E,rf,pressure_shape,241,39,91.45240699503822,106.34821185125658,88.15681979427382,0.10710982916107203,27.62402046260314
TS0330E,rf,fusion_absolute,241,39,40.4298842172819,49.06388231141773,36.61343423151595,0.809952798884054,39.45301708928443
TS0330E,rf,fusion_shape,241,39,38.480670962360705,46.427907115829754,28.928542356766968,0.8298249558560962,38.480670962360705
TS0330F,huber,temperature,247,33,38.15861551564128,41.03792913904909,42.63885706144305,0.8142523939682043,38.15861551564128
TS0330F,huber,pressure_absolute,247,33,47.38691357109714,60.604016169341044,40.126893412538095,0.5949066056043658,-44.121186001139044
TS0330F,huber,pressure_shape,247,33,73.91000606134347,92.80532171655143,72.17321603860194,0.05005576409052048,41.72377100616483
TS0330F,huber,fusion_absolute,247,33,23.41257629092255,27.840010538358648,25.07266342400777,0.9145147588114794,20.91912587934214
TS0330F,huber,fusion_shape,247,33,34.14432244074852,40.22723321471757,32.412089218287605,0.8215187177818445,30.677316444848415
TS0330F,rf,temperature,247,33,43.864376235183414,45.17340134223101,45.05961446132949,0.7749298321147486,43.864376235183414
TS0330F,rf,pressure_absolute,247,33,84.23191388405866,100.96322626110091,76.04700227321865,-0.12429114599819013,14.506171624131971
TS0330F,rf,pressure_shape,247,33,80.68832951584754,100.16154593181922,59.768157234722594,-0.10650756802778649,37.66666446182008
TS0330F,rf,fusion_absolute,247,33,24.8154206725948,26.860053993429304,26.537666094894746,0.9204269300886099,20.472435142728514
TS0330F,rf,fusion_shape,247,33,39.059590085310525,42.267835959432105,43.890010043730626,0.8029518430117506,39.059590085310525
TS0330G,huber,temperature,249,31,25.262168778187558,69.4284895048608,8.579999844289318,0.39746060563417906,9.702937383944672
TS0330G,huber,pressure_absolute,249,31,85.40189599904872,102.3372928882335,70.45230600049305,-0.3091151894615112,9.231863913446764
TS0330G,huber,pressure_shape,249,31,80.36693310558773,104.98885933783889,67.23077446275556,-0.3778325731325649,-24.059646072571045
TS0330G,huber,fusion_absolute,249,31,74.59304855970731,80.32600886881399,74.8477794171406,0.19346653740090214,-51.922100122619504
TS0330G,huber,fusion_shape,249,31,61.139531003428836,160.6901113088255,18.0739791620926,-2.2276639840553405,36.31072259088933
TS0330G,rf,temperature,249,31,21.071763517300855,24.350972497184443,22.19714364655465,0.9258787673051708,4.9989472121614416
TS0330G,rf,pressure_absolute,249,31,48.97354676498417,60.53220715560874,39.90759503944696,0.5419814871088088,-37.880520884500775
TS0330G,rf,pressure_shape,249,31,100.72443017316249,111.31320137831963,97.48855191543345,-0.5488286001362925,8.343930688848223
TS0330G,rf,fusion_absolute,249,31,40.25725768386728,42.87871189031414,41.610331051904666,0.7701770083284291,-39.42299328317664
TS0330G,rf,fusion_shape,249,31,24.941245068315496,29.82196094487237,19.832858910084894,0.8888313306753134,19.207829225718328
TS0330H,huber,temperature,247,33,71.80664296686446,72.33363739457576,71.73069432790476,0.422924069993018,71.80664296686446
TS0330H,huber,pressure_absolute,247,33,117.94402518478931,126.38391571224331,130.24257703101512,-0.7617162666278774,94.01081137107768
TS0330H,huber,pressure_shape,247,33,96.3677322130425,112.01949225048112,98.06122687500681,-0.3840110269178971,78.20355248126394
TS0330H,huber,fusion_absolute,247,33,53.63566892275541,56.018660020444806,57.764068329763006,0.6538871025199064,53.63566892275541
TS0330H,huber,fusion_shape,247,33,74.27019488224602,75.37297044902736,75.61661992285991,0.37340977856875535,74.27019488224602
TS0330H,rf,temperature,247,33,76.73096641318755,78.10445704805873,79.7983905477492,0.3271721091060238,76.73096641318755
TS0330H,rf,pressure_absolute,247,33,122.96324967323453,152.02269398005546,115.02785159932426,-1.5489962667228232,115.60148479942902
TS0330H,rf,pressure_shape,247,33,90.90100516708127,106.54976667153787,99.40897785133257,-0.25215287989990753,76.94708081861101
TS0330H,rf,fusion_absolute,247,33,65.58636654471859,66.99817138535619,65.93720996241859,0.5049167313623278,65.58636654471859
TS0330H,rf,fusion_shape,247,33,80.73804880787152,81.90770958674354,79.51814316818502,0.26005078421915595,80.73804880787152
