time_s,temperature_c,pressure,experiment_label
0.0,26.855,0.1389,NMC811
14.0,28.69642857142857,0.0072,NMC811
28.0,31.43142857142857,0.0162,NMC811
42.0,32.02285714285714,0.0018,NMC811
56.0,31.942857142857143,-0.0024,NMC811
70.0,34.587857142857146,0.0009,NMC811
84.0,37.169285714285714,0.0027,NMC811
98.0,36.81071428571428,-0.0012,NMC811
112.0,36.84214285714286,0.0051,NMC811
126.0,40.515,0.0096,NMC811
140.0,43.7,0.0123,NMC811
154.0,42.845,0.0192,NMC811
168.0,41.80142857142857,0.0117,NMC811
182.0,45.22785714285715,0.0225,NMC811
196.0,51.10071428571428,0.027,NMC811
210.0,50.75857142857143,0.0327,NMC811
224.0,48.705,0.0339,NMC811
238.0,48.90642857142857,0.0372,NMC811
252.0,54.910714285714285,0.0402,NMC811
266.0,57.46,0.0507,NMC811
280.0,55.56642857142857,0.0516,NMC811
294.0,54.29571428571428,0.0561,NMC811
308.0,58.37,0.06,NMC811
322.0,63.31642857142857,0.0666,NMC811
336.0,62.33714285714285,0.0735,NMC811
350.0,60.28642857142857,0.0759,NMC811
364.0,62.92071428571428,0.0795,NMC811
378.0,68.93642857142858,0.084,NMC811
392.0,68.64071428571428,0.0948,NMC811
406.0,66.35642857142857,0.0984,NMC811
420.0,68.01714285714286,0.1017,NMC811
434.0,74.33642857142857,0.1074,NMC811
448.0,75.10357142857143,0.1197,NMC811
462.0,72.71785714285714,0.1245,NMC811
476.0,73.49357142857143,0.1317,NMC811
490.0,79.85714285714286,0.1401,NMC811
504.0,81.83785714285715,0.1506,NMC811
518.0,79.42357142857142,0.1611,NMC811
532.0,79.44857142857143,0.1695,NMC811
546.0,84.77285714285713,0.1803,NMC811
560.0,88.02357142857143,0.1941,NMC811
574.0,86.01857142857143,0.2073,NMC811
588.0,85.56214285714286,0.2154,NMC811
602.0,90.77928571428572,0.228,NMC811
616.0,94.535,0.2439,NMC811
630.0,92.51357142857142,0.2628,NMC811
644.0,91.56357142857144,0.2751,NMC811
658.0,96.59857142857143,0.2877,NMC811
672.0,100.74714285714286,0.3105,NMC811
686.0,98.84571428571428,0.333,NMC811
700.0,97.86642857142857,0.348,NMC811
714.0,102.77,0.3684,NMC811
728.0,106.65357142857142,0.4008,NMC811
742.0,104.74357142857143,0.4326,NMC811
756.0,104.41357142857143,0.4512,NMC811
770.0,109.62357142857142,0.4788,NMC811
784.0,114.00357142857143,0.5262,NMC811
798.0,112.07857142857144,0.5694,NMC811
812.0,111.25857142857143,0.5937,NMC811
826.0,115.90857142857143,0.6288,NMC811
840.0,120.51857142857143,0.6783,NMC811
854.0,118.76357142857142,0.6879,NMC811
868.0,118.11857142857143,0.6345,NMC811
882.0,122.755,0.6261,NMC811
896.0,127.35,0.6597,NMC811
910.0,125.51,0.6909,NMC811
924.0,124.575,0.7137,NMC811
938.0,129.24,0.7524,NMC811
952.0,134.08642857142857,0.8226,NMC811
966.0,132.53785714285715,0.876,NMC811
980.0,131.40285714285716,0.9087,NMC811
994.0,136.05214285714285,0.96,NMC811
1008.0,141.115,1.0419,NMC811
1022.0,139.845,1.1226,NMC811
1036.0,138.82,1.188,NMC811
1050.0,143.06142857142856,1.2567,NMC811
1064.0,147.80285714285714,1.3404,NMC811
1078.0,146.73857142857145,1.4247,NMC811
1092.0,146.3,1.4529,NMC811
1106.0,150.555,1.4955,NMC811
1120.0,154.99642857142857,1.569,NMC811
1134.0,153.99928571428572,1.6632,NMC811
1148.0,153.885,1.7454,NMC811
1162.0,158.05142857142857,1.8357,NMC811
1176.0,162.2864285714286,1.9545,NMC811
1190.0,161.42857142857144,2.1003,NMC811
1204.0,160.80142857142857,2.2248,NMC811
1218.0,164.76142857142855,2.3634,NMC811
1232.0,169.73000000000002,2.5374,NMC811
1246.0,170.04142857142858,2.7249,NMC811
1260.0,168.4842857142857,2.892,NMC811
1274.0,171.74,3.0738,NMC811
1288.0,176.32785714285714,3.2805,NMC811
1302.0,178.615,3.5805,NMC811
1316.0,176.69785714285715,3.8766,NMC811
1330.0,178.91857142857145,4.1865,NMC811
1344.0,183.40928571428572,4.5453,NMC811
1358.0,185.8657142857143,0.0009,NMC811
1372.0,186.305,0.0027,NMC811
1386.0,189.66357142857146,-0.0024,NMC811
1400.0,193.61,0.0039,NMC811
1414.0,195.805,0.0063,NMC811
1428.0,194.99357142857144,0.0141,NMC811
1442.0,196.42714285714285,0.0171,NMC811
1456.0,203.73071428571427,0.0327,NMC811
1470.0,248.2457142857143,-0.0012,NMC811
1484.0,274.7592857142857,0.0027,NMC811
1498.0,291.71285714285716,-0.0006,NMC811
1512.0,304.8071428571428,0.0009,NMC811
1526.0,315.4592857142857,0.0051,NMC811
1540.0,324.32142857142856,0.0081,NMC811
1554.0,331.54499999999996,0.0141,NMC811
1568.0,337.4707142857143,0.0195,NMC811
1582.0,342.21500000000003,0.0018,NMC811
1596.0,345.9771428571429,0.0003,NMC811
1610.0,349.0214285714286,0.0027,NMC811
1624.0,351.34785714285715,0.0018,NMC811
1638.0,353.17571428571426,-0.0027,NMC811
1652.0,354.39714285714285,0.0069,NMC811
1666.0,355.3442857142857,0.0099,NMC811
1680.0,355.8178571428572,0.0141,NMC811
1694.0,355.98571428571427,0.0186,NMC811
1708.0,355.83785714285716,0.0057,NMC811
1722.0,355.69,-0.0021,NMC811
1736.0,355.2564285714286,0.003,NMC811
1750.0,354.83785714285716,0.0033,NMC811
1764.0,354.2914285714286,-0.0018,NMC811
1778.0,353.54214285714284,-0.0012,NMC811
1792.0,352.6114285714286,0.0048,NMC811
1806.0,351.28499999999997,0.0123,NMC811
1820.0,349.6957142857143,0.015,NMC811
1834.0,347.77214285714285,0.0189,NMC811
1848.0,345.69214285714287,0.0048,NMC811
1862.0,343.4192857142857,0.0009,NMC811
1876.0,340.92857142857144,0.0024,NMC811
1890.0,338.42785714285714,0.0045,NMC811
1904.0,335.8107142857143,0.0027,NMC811
1918.0,333.18857142857144,-0.0024,NMC811
1932.0,330.505,0.0027,NMC811
1946.0,327.735,0.0069,NMC811
1960.0,325.0314285714286,0.0141,NMC811
1974.0,322.2764285714286,0.0174,NMC811
1988.0,319.61785714285713,0.0147,NMC811
2002.0,316.9442857142857,0.0024,NMC811
2016.0,314.2707142857143,0.0015,NMC811
2030.0,311.5971428571429,0.0039,NMC811
2044.0,308.93857142857144,0.0036,NMC811
2058.0,306.2235714285714,-0.0012,NMC811
2072.0,303.6514285714286,0.0,NMC811
2086.0,301.2271428571429,0.0048,NMC811
2100.0,298.6085714285714,0.0111,NMC811
2114.0,296.1478571428571,0.015,NMC811
2128.0,293.6771428571428,0.0207,NMC811
2142.0,291.1035714285714,0.0096,NMC811
2156.0,288.8057142857143,0.0018,NMC811
2170.0,286.31857142857143,0.0024,NMC811
2184.0,284.05071428571426,0.0045,NMC811
2198.0,281.80285714285714,0.0042,NMC811
2212.0,279.4935714285714,0.0018,NMC811
2226.0,277.26571428571424,-0.0015,NMC811
2240.0,275.05285714285714,0.0027,NMC811
2254.0,272.84000000000003,0.0078,NMC811
2268.0,270.65214285714285,0.0144,NMC811
2282.0,268.5557142857143,0.0165,NMC811
2296.0,266.45428571428573,0.0198,NMC811
2310.0,264.35785714285714,0.0063,NMC811
2324.0,262.34785714285715,0.0015,NMC811
2338.0,260.34285714285716,0.0033,NMC811
2352.0,258.35285714285715,0.0048,NMC811
2366.0,256.3878571428571,0.0039,NMC811
2380.0,254.5042857142857,-0.0015,NMC811
2394.0,252.5492857142857,0.0036,NMC811
2408.0,250.76214285714286,0.0066,NMC811
2422.0,248.89857142857142,0.0138,NMC811
2436.0,247.065,0.018,NMC811
2450.0,245.29785714285714,0.0147,NMC811
2464.0,243.5607142857143,0.0033,NMC811
2478.0,241.75214285714287,0.0018,NMC811
2492.0,240.0964285714286,0.0033,NMC811
2506.0,238.3842857142857,0.0051,NMC811
2520.0,236.69214285714287,0.0042,NMC811
2534.0,234.92357142857145,-0.0012,NMC811
2548.0,233.4607142857143,0.0006,NMC811
2562.0,231.77357142857142,0.0045,NMC811
2576.0,230.2442857142857,0.0084,NMC811
2590.0,228.59714285714284,0.0144,NMC811
2604.0,226.95,0.0192,NMC811
2618.0,225.52714285714285,0.0201,NMC811
2632.0,223.96642857142857,0.0027,NMC811
2646.0,222.48214285714286,0.0027,NMC811
2660.0,221.00285714285712,0.0045,NMC811
2674.0,219.45214285714286,0.0051,NMC811
2688.0,218.1407142857143,0.0018,NMC811
2702.0,216.5285714285714,-0.0012,NMC811
2716.0,215.21714285714285,0.0039,NMC811
2730.0,213.8492857142857,0.0087,NMC811
2744.0,212.27714285714285,0.015,NMC811
2758.0,210.9192857142857,0.0192,NMC811
2772.0,209.57642857142855,0.0159,NMC811
2786.0,208.03428571428572,0.0039,NMC811
2800.0,206.8542857142857,0.0024,NMC811
2814.0,205.45,0.0042,NMC811
2828.0,204.14214285714286,0.0051,NMC811
2842.0,202.8292857142857,0.0027,NMC811
2856.0,201.53142857142856,-0.0015,NMC811
2870.0,200.31,-0.0006,NMC811
2884.0,199.0885714285714,0.0048,NMC811
2898.0,197.89214285714286,0.0102,NMC811
2912.0,196.6242857142857,0.0147,NMC811
