heldout,train_fraction,method,modality,n_real_train,n_aug,n_test,test_positive,auroc,auprc,f1,balanced_accuracy
A2,1.0,real_only,temperature,297,0,88,22,0.8767217630853994,0.7892433429988821,0.7058823529411765,0.7727272727272727
A2,1.0,real_only,force,297,0,88,22,0.96831955922865,0.8807626000885831,0.0869565217391304,0.5227272727272727
A2,1.0,real_only,fusion,297,0,88,22,1.0,1.0,0.5806451612903226,0.7045454545454546
A2,1.0,classical,temperature,297,160,88,22,0.8677685950413223,0.7963937970704305,0.6857142857142857,0.7651515151515151
A2,1.0,classical,force,297,160,88,22,0.9304407713498624,0.7739088344654064,0.0,0.5
A2,1.0,classical,fusion,297,160,88,22,0.9993112947658402,0.9980237154150198,0.5806451612903226,0.7045454545454546
A2,1.0,racdiff,temperature,297,160,88,22,0.8037190082644627,0.5839967796993017,0.2962962962962963,0.5833333333333334
A2,1.0,racdiff,force,297,160,88,22,0.962809917355372,0.8879287765357897,0.5333333333333333,0.6818181818181819
A2,1.0,racdiff,fusion,297,160,88,22,0.9986225895316804,0.9959575997125404,0.4285714285714285,0.6363636363636364
D1,1.0,real_only,temperature,312,0,73,18,1.0,1.0,0.7058823529411765,0.8636363636363636
D1,1.0,real_only,force,312,0,73,18,0.8484848484848485,0.7570058965844026,0.5151515151515151,0.6904040404040404
D1,1.0,real_only,fusion,312,0,73,18,1.0,1.0,0.6923076923076923,0.8545454545454545
D1,1.0,classical,temperature,312,143,73,18,1.0,1.0,0.7058823529411765,0.8636363636363636
D1,1.0,classical,force,312,143,73,18,0.7262626262626262,0.6319983338273498,0.4761904761904761,0.6439393939393939
D1,1.0,classical,fusion,312,143,73,18,0.995959595959596,0.9880900508351488,0.6923076923076923,0.8545454545454545
D1,1.0,racdiff,temperature,312,143,73,18,1.0,1.0,0.7659574468085106,0.9
D1,1.0,racdiff,force,312,143,73,18,1.0,1.0,0.5454545454545454,0.7272727272727273
D1,1.0,racdiff,fusion,312,143,73,18,0.991919191919192,0.9745649185600168,0.6923076923076923,0.8545454545454545
M1,1.0,real_only,temperature,245,0,140,41,1.0,1.0,0.9487179487179488,0.951219512195122
M1,1.0,real_only,force,245,0,140,41,0.0,0.1668359285462916,0.4530386740331492,0.5
M1,1.0,real_only,fusion,245,0,140,41,1.0,1.0,0.8541666666666666,0.9292929292929292
M1,1.0,classical,temperature,245,157,140,41,1.0,1.0,0.9620253164556962,0.9634146341463414
M1,1.0,classical,force,245,157,140,41,0.0,0.1668359285462916,0.4530386740331492,0.5
M1,1.0,classical,fusion,245,157,140,41,1.0,1.0,0.8541666666666666,0.9292929292929292
M1,1.0,racdiff,temperature,245,157,140,41,1.0,1.0,0.9066666666666666,0.9146341463414632
M1,1.0,racdiff,force,245,157,140,41,0.0219265829021926,0.1677954131655317,0.0,0.0858585858585858
M1,1.0,racdiff,fusion,245,157,140,41,1.0,1.0,0.8723404255319149,0.9393939393939394
M2,1.0,real_only,temperature,301,0,84,42,1.0,1.0,0.9629629629629628,0.9642857142857144
M2,1.0,real_only,force,301,0,84,42,0.2108843537414965,0.3989290209190334,0.0,0.5
M2,1.0,real_only,fusion,301,0,84,42,0.9977324263038548,0.997810329205678,0.7076923076923077,0.7738095238095238
M2,1.0,classical,temperature,301,158,84,42,1.0,1.0,0.9629629629629628,0.9642857142857144
M2,1.0,classical,force,301,158,84,42,0.2517006802721088,0.4184791184147103,0.0,0.5
M2,1.0,classical,fusion,301,158,84,42,0.9903628117913832,0.9904286821929676,0.7076923076923077,0.7738095238095238
M2,1.0,racdiff,temperature,301,158,84,42,1.0,1.0,0.95,0.9523809523809524
M2,1.0,racdiff,force,301,158,84,42,0.1797052154195011,0.3908782008795353,0.0,0.5
M2,1.0,racdiff,fusion,301,158,84,42,0.9869614512471656,0.9871048989322352,0.6666666666666666,0.75
A2,0.25,real_only,temperature,73,0,88,22,0.8891184573002755,0.8087979302814137,0.7027027027027027,0.7803030303030303
A2,0.25,real_only,force,73,0,88,22,0.9393939393939394,0.7811608479435882,0.0,0.5
A2,0.25,real_only,fusion,73,0,88,22,1.0,1.0,0.5806451612903226,0.7045454545454546
A2,0.25,classical,temperature,73,156,88,22,0.8209366391184573,0.7184754728501357,0.6153846153846154,0.7348484848484849
A2,0.25,classical,force,73,156,88,22,0.8388429752066116,0.6262764619972441,0.0,0.5
A2,0.25,classical,fusion,73,156,88,22,0.9462809917355371,0.8973129436924364,0.4285714285714285,0.6363636363636364
A2,0.25,racdiff,temperature,73,156,88,22,0.7954545454545454,0.6400556777621859,0.24,0.5681818181818181
A2,0.25,racdiff,force,73,156,88,22,0.9800275482093664,0.9411385882579852,0.8260869565217391,0.8939393939393939
A2,0.25,racdiff,fusion,73,156,88,22,0.9993112947658402,0.9980237154150198,0.5806451612903226,0.7045454545454546
D1,0.25,real_only,temperature,77,0,73,18,1.0,1.0,0.6792452830188679,0.8454545454545455
D1,0.25,real_only,force,77,0,73,18,1.0,1.0,0.5373134328358209,0.7181818181818181
D1,0.25,real_only,fusion,77,0,73,18,1.0,1.0,0.6923076923076923,0.8545454545454545
D1,0.25,classical,temperature,77,149,73,18,1.0,1.0,0.7058823529411765,0.8636363636363636
D1,0.25,classical,force,77,149,73,18,0.9212121212121211,0.8925597424049437,0.53125,0.7085858585858585
D1,0.25,classical,fusion,77,149,73,18,1.0,1.0,0.6923076923076923,0.8545454545454545
D1,0.25,racdiff,temperature,77,149,73,18,1.0,1.0,0.782608695652174,0.9090909090909092
D1,0.25,racdiff,force,77,149,73,18,0.993939393939394,0.9861111111111112,0.5901639344262295,0.7727272727272727
D1,0.25,racdiff,fusion,77,149,73,18,0.8999999999999999,0.7015127520327862,0.72,0.8727272727272728
M1,0.25,real_only,temperature,60,0,140,41,1.0,1.0,0.935064935064935,0.9390243902439024
M1,0.25,real_only,force,60,0,140,41,0.0,0.1668359285462916,0.4530386740331492,0.5
M1,0.25,real_only,fusion,60,0,140,41,1.0,1.0,0.9213483146067416,0.9646464646464646
M1,0.25,classical,temperature,60,151,140,41,1.0,1.0,0.9620253164556962,0.9634146341463414
M1,0.25,classical,force,60,151,140,41,0.1549642769154964,0.1861749546449596,0.4530386740331492,0.5
M1,0.25,classical,fusion,60,151,140,41,1.0,1.0,0.9318181818181818,0.9696969696969696
M1,0.25,racdiff,temperature,60,151,140,41,1.0,1.0,0.9210526315789472,0.9268292682926828
M1,0.25,racdiff,force,60,151,140,41,0.6156688839615669,0.3244597539790856,0.5142857142857142,0.64239960581424
M1,0.25,racdiff,fusion,60,151,140,41,1.0,1.0,0.9010989010989012,0.9545454545454546
M2,0.25,real_only,temperature,75,0,84,42,1.0,1.0,0.9879518072289156,0.988095238095238
M2,0.25,real_only,force,75,0,84,42,0.1933106575963718,0.3923298861135845,0.0,0.5
M2,0.25,real_only,fusion,75,0,84,42,1.0,1.0,0.8493150684931506,0.8690476190476191
M2,0.25,classical,temperature,75,140,84,42,1.0,1.0,1.0,1.0
M2,0.25,classical,force,75,140,84,42,0.2573696145124716,0.4286722510381864,0.0909090909090909,0.5238095238095238
M2,0.25,classical,fusion,75,140,84,42,1.0,1.0,0.8493150684931506,0.8690476190476191
M2,0.25,racdiff,temperature,75,140,84,42,1.0,1.0,0.95,0.9523809523809524
M2,0.25,racdiff,force,75,140,84,42,0.1763038548752834,0.3881561889255085,0.0,0.5
M2,0.25,racdiff,fusion,75,140,84,42,0.9892290249433108,0.9893377580184196,0.6666666666666666,0.75
