source_pair,external,method,representation,n_source_real_windows,n_aug,n_external_windows,external_positive,auroc,auprc,f1,balanced_accuracy
TS0330A+TS0330B,NMC111,real_only,temperature,82,0,989,5,0.9904471544715449,0.2301731601731601,0.0100603621730382,0.5
TS0330A+TS0330B,NMC811,real_only,temperature,82,0,99,5,0.9808510638297872,0.8714285714285714,0.4347826086956521,0.9308510638297872
TS0330A+TS0330B,NMC111,real_only,pressure_absolute,82,0,989,5,0.5656504065040651,0.0068182775089884,0.0,0.5
TS0330A+TS0330B,NMC811,real_only,pressure_absolute,82,0,99,5,0.8851063829787233,0.2242663084042394,0.0,0.5
TS0330A+TS0330B,NMC111,real_only,pressure_shape,82,0,989,5,0.6404471544715448,0.0080604162916513,0.0157480314960629,0.6824186991869918
TS0330A+TS0330B,NMC811,real_only,pressure_shape,82,0,99,5,0.4957446808510638,0.0562687312687312,0.1265822784810126,0.6329787234042553
TS0330A+TS0330B,NMC111,real_only,fusion_absolute,82,0,989,5,0.5459349593495935,0.0064890650454034,0.0,0.5
TS0330A+TS0330B,NMC811,real_only,fusion_absolute,82,0,99,5,0.9893617021276596,0.7142857142857143,0.7692307692307693,0.9840425531914894
TS0330A+TS0330B,NMC111,real_only,fusion_shape,82,0,989,5,0.9426829268292684,0.0708002252086852,0.0109890109890109,0.5426829268292683
TS0330A+TS0330B,NMC811,real_only,fusion_shape,82,0,99,5,0.953191489361702,0.4222222222222221,0.4545454545454545,0.9361702127659576
TS0330A+TS0330B,NMC111,classical_anchor_matched,temperature,82,61,989,5,0.9997967479674796,0.9666666666666666,0.0100603621730382,0.5
TS0330A+TS0330B,NMC811,classical_anchor_matched,temperature,82,61,99,5,0.9936170212765958,0.8766666666666667,0.1818181818181818,0.7606382978723405
TS0330A+TS0330B,NMC111,classical_anchor_matched,pressure_absolute,82,61,989,5,0.6981707317073171,0.008347245409015,0.0100603621730382,0.5
TS0330A+TS0330B,NMC811,classical_anchor_matched,pressure_absolute,82,61,99,5,0.5053191489361701,0.0510204081632653,0.0970873786407767,0.5053191489361702
TS0330A+TS0330B,NMC111,classical_anchor_matched,pressure_shape,82,61,989,5,0.0916666666666666,0.0033036257798584,0.0100704934541792,0.5005081300813008
TS0330A+TS0330B,NMC811,classical_anchor_matched,pressure_shape,82,61,99,5,0.1936170212765957,0.0370457452387347,0.0681818181818181,0.3744680851063829
TS0330A+TS0330B,NMC111,classical_anchor_matched,fusion_absolute,82,61,989,5,0.5,0.0050556117290192,0.0100603621730382,0.5
TS0330A+TS0330B,NMC811,classical_anchor_matched,fusion_absolute,82,61,99,5,0.5,0.0505050505050505,0.0961538461538461,0.5
TS0330A+TS0330B,NMC111,classical_anchor_matched,fusion_shape,82,61,989,5,0.990650406504065,0.4096052631578947,0.0100603621730382,0.5
TS0330A+TS0330B,NMC811,classical_anchor_matched,fusion_shape,82,61,99,5,0.946808510638298,0.3543650793650794,0.2,0.7872340425531915
TS0330A+TS0330B,NMC111,racdiff,temperature,82,61,989,5,0.9997967479674796,0.9666666666666666,0.0100603621730382,0.5
TS0330A+TS0330B,NMC811,racdiff,temperature,82,61,99,5,0.997872340425532,0.9666666666666666,0.2,0.7872340425531915
TS0330A+TS0330B,NMC111,racdiff,pressure_absolute,82,61,989,5,0.0050813008130081,0.0030492273322602,0.0,0.1133130081300813
TS0330A+TS0330B,NMC811,racdiff,pressure_absolute,82,61,99,5,0.7127659574468085,0.0847457627118644,0.0961538461538461,0.5
TS0330A+TS0330B,NMC111,racdiff,pressure_shape,82,61,989,5,0.1516260162601626,0.0034971332154504,0.0100704934541792,0.5005081300813008
TS0330A+TS0330B,NMC811,racdiff,pressure_shape,82,61,99,5,0.3234042553191489,0.0424850717242021,0.1123595505617977,0.5797872340425532
TS0330A+TS0330B,NMC111,racdiff,fusion_absolute,82,61,989,5,0.5,0.0050556117290192,0.0100603621730382,0.5
TS0330A+TS0330B,NMC811,racdiff,fusion_absolute,82,61,99,5,0.5,0.0505050505050505,0.0961538461538461,0.5
TS0330A+TS0330B,NMC111,racdiff,fusion_shape,82,61,989,5,0.9995934959349592,0.9428571428571428,0.0100603621730382,0.5
TS0330A+TS0330B,NMC811,racdiff,fusion_shape,82,61,99,5,0.9893617021276596,0.71,0.1694915254237288,0.7393617021276596
TS0330B+TS0330C,NMC111,real_only,temperature,74,0,989,5,0.13130081300813,0.003478274503719,0.0100603621730382,0.5
TS0330B+TS0330C,NMC811,real_only,temperature,74,0,99,5,0.1,0.0336756478854573,0.0,0.0691489361702127
TS0330B+TS0330C,NMC111,real_only,pressure_absolute,74,0,989,5,0.0735772357723577,0.0032242858323152,0.0,0.5
TS0330B+TS0330C,NMC811,real_only,pressure_absolute,74,0,99,5,0.1170212765957446,0.0505050505050505,0.0,0.4946808510638298
TS0330B+TS0330C,NMC111,real_only,pressure_shape,74,0,989,5,0.399390243902439,0.005003531101971,0.0141043723554301,0.6448170731707317
TS0330B+TS0330C,NMC811,real_only,pressure_shape,74,0,99,5,0.2021276595744681,0.0376417294571703,0.0,0.2872340425531915
TS0330B+TS0330C,NMC111,real_only,fusion_absolute,74,0,989,5,0.0060975609756097,0.0030496806369411,0.0,0.5
TS0330B+TS0330C,NMC811,real_only,fusion_absolute,74,0,99,5,0.0446808510638297,0.0319321276083117,0.0,0.4946808510638298
TS0330B+TS0330C,NMC111,real_only,fusion_shape,74,0,989,5,0.2317073170731707,0.0038637033534591,0.0100603621730382,0.5
TS0330B+TS0330C,NMC811,real_only,fusion_shape,74,0,99,5,0.1468085106382978,0.0352496841071945,0.0,0.3723404255319149
TS0330B+TS0330C,NMC111,classical_anchor_matched,temperature,74,74,989,5,0.1158536585365853,0.0033864437741261,0.0100603621730382,0.5
TS0330B+TS0330C,NMC811,classical_anchor_matched,temperature,74,74,99,5,0.0170212765957446,0.0309330960059585,0.0961538461538461,0.5
TS0330B+TS0330C,NMC111,classical_anchor_matched,pressure_absolute,74,74,989,5,0.0065040650406504,0.0030494912366816,0.0,0.2738821138211382
TS0330B+TS0330C,NMC811,classical_anchor_matched,pressure_absolute,74,74,99,5,0.0042553191489361,0.0307880283076993,0.0,0.2712765957446808
TS0330B+TS0330C,NMC111,classical_anchor_matched,pressure_shape,74,74,989,5,0.0152439024390243,0.0030721520764967,0.0100603621730382,0.5
TS0330B+TS0330C,NMC811,classical_anchor_matched,pressure_shape,74,74,99,5,0.1,0.0335248236628155,0.0,0.25
TS0330B+TS0330C,NMC111,classical_anchor_matched,fusion_absolute,74,74,989,5,0.0065040650406503,0.0030484827244408,0.0,0.3023373983739837
TS0330B+TS0330C,NMC811,classical_anchor_matched,fusion_absolute,74,74,99,5,0.0042553191489361,0.0307880283076993,0.0,0.3563829787234042
TS0330B+TS0330C,NMC111,classical_anchor_matched,fusion_shape,74,74,989,5,0.0172764227642276,0.0030752312227756,0.0100603621730382,0.5
TS0330B+TS0330C,NMC811,classical_anchor_matched,fusion_shape,74,74,99,5,0.0340425531914893,0.0315037829553958,0.0,0.1170212765957446
TS0330B+TS0330C,NMC111,racdiff,temperature,74,74,989,5,0.0855691056910569,0.0032866914361882,0.0100603621730382,0.5
TS0330B+TS0330C,NMC811,racdiff,temperature,74,74,99,5,0.0085106382978723,0.0308342817767095,0.0961538461538461,0.5
TS0330B+TS0330C,NMC111,racdiff,pressure_absolute,74,74,989,5,0.0024390243902438,0.0030405777904575,0.0,0.2896341463414634
TS0330B+TS0330C,NMC811,racdiff,pressure_absolute,74,74,99,5,0.0,0.0307217722420032,0.0,0.2978723404255319
TS0330B+TS0330C,NMC111,racdiff,pressure_shape,74,74,989,5,0.0491869918699187,0.003153473274685,0.0,0.0899390243902439
TS0330B+TS0330C,NMC811,racdiff,pressure_shape,74,74,99,5,0.1787234042553191,0.0367103886798934,0.0,0.3936170212765957
TS0330B+TS0330C,NMC111,racdiff,fusion_absolute,74,74,989,5,0.0006097560975609,0.003038087181521,0.0,0.298780487804878
TS0330B+TS0330C,NMC811,racdiff,fusion_absolute,74,74,99,5,0.0,0.0307217722420032,0.0,0.3297872340425531
TS0330B+TS0330C,NMC111,racdiff,fusion_shape,74,74,989,5,0.0286585365853658,0.0031046047866773,0.0100603621730382,0.5
TS0330B+TS0330C,NMC811,racdiff,fusion_shape,74,74,99,5,0.0340425531914893,0.0315437239449936,0.0,0.1436170212765957
TS0330C+TS0330D,NMC111,real_only,temperature,65,0,989,5,0.957520325203252,0.0652004137713429,0.0100603621730382,0.5
TS0330C+TS0330D,NMC811,real_only,temperature,65,0,99,5,0.8446808510638297,0.2221717171717172,0.4,0.7627659574468084
TS0330C+TS0330D,NMC111,real_only,pressure_absolute,65,0,989,5,0.9567073170731708,0.0569751844399731,0.0833333333333333,0.9441056910569106
TS0330C+TS0330D,NMC811,real_only,pressure_absolute,65,0,99,5,0.8936170212765958,0.2,0.2941176470588235,0.8723404255319149
TS0330C+TS0330D,NMC111,real_only,pressure_shape,65,0,989,5,0.672560975609756,0.008824139800438,0.0116618075801749,0.5292682926829269
TS0330C+TS0330D,NMC811,real_only,pressure_shape,65,0,99,5,0.3489361702127659,0.0455646815612211,0.0,0.4734042553191489
TS0330C+TS0330D,NMC111,real_only,fusion_absolute,65,0,989,5,0.5,0.0050556117290192,0.0100603621730382,0.5
TS0330C+TS0330D,NMC811,real_only,fusion_absolute,65,0,99,5,0.5,0.0505050505050505,0.0961538461538461,0.5
TS0330C+TS0330D,NMC111,real_only,fusion_shape,65,0,989,5,0.2121951219512195,0.0037538026102793,0.0100603621730382,0.5
TS0330C+TS0330D,NMC811,real_only,fusion_shape,65,0,99,5,0.1553191489361702,0.0354200966959253,0.0,0.4946808510638298
TS0330C+TS0330D,NMC111,classical_anchor_matched,temperature,65,21,989,5,0.936178861788618,0.0436789365689056,0.0100603621730382,0.5
TS0330C+TS0330D,NMC811,classical_anchor_matched,temperature,65,21,99,5,0.7851063829787234,0.161014541014541,0.0,0.4627659574468085
TS0330C+TS0330D,NMC111,classical_anchor_matched,pressure_absolute,65,21,989,5,0.7576219512195121,0.0103734439834024,0.0164744645799011,0.6966463414634146
TS0330C+TS0330D,NMC811,classical_anchor_matched,pressure_absolute,65,21,99,5,0.6968085106382979,0.0806451612903225,0.1219512195121951,0.6170212765957447
TS0330C+TS0330D,NMC111,classical_anchor_matched,pressure_shape,65,21,989,5,0.9455284552845528,0.0613013717088419,0.0,0.5
TS0330C+TS0330D,NMC811,classical_anchor_matched,pressure_shape,65,21,99,5,0.8553191489361702,0.1737902837902837,0.2127659574468085,0.8031914893617021
TS0330C+TS0330D,NMC111,classical_anchor_matched,fusion_absolute,65,21,989,5,0.6986788617886179,0.0083612040133779,0.0113122171945701,0.5558943089430894
TS0330C+TS0330D,NMC811,classical_anchor_matched,fusion_absolute,65,21,99,5,0.5851063829787234,0.0602409638554216,0.1052631578947368,0.5478723404255319
TS0330C+TS0330D,NMC111,classical_anchor_matched,fusion_shape,65,21,989,5,0.2286585365853658,0.0038298689915898,0.0100603621730382,0.5
TS0330C+TS0330D,NMC811,classical_anchor_matched,fusion_shape,65,21,99,5,0.1319148936170212,0.034472155704529,0.0,0.4893617021276595
TS0330C+TS0330D,NMC111,racdiff,temperature,65,21,989,5,0.9997967479674796,0.9666666666666666,0.0100603621730382,0.5
TS0330C+TS0330D,NMC811,racdiff,temperature,65,21,99,5,1.0,1.0,0.1515151515151515,0.7021276595744681
TS0330C+TS0330D,NMC111,racdiff,pressure_absolute,65,21,989,5,0.7652439024390243,0.0107066381156316,0.0158982511923688,0.6854674796747967
TS0330C+TS0330D,NMC811,racdiff,pressure_absolute,65,21,99,5,0.7074468085106382,0.0833333333333333,0.1162790697674418,0.5957446808510638
TS0330C+TS0330D,NMC111,racdiff,pressure_shape,65,21,989,5,0.945121951219512,0.0618269582875595,0.0,0.5
TS0330C+TS0330D,NMC811,racdiff,pressure_shape,65,21,99,5,0.8297872340425532,0.151782212885154,0.1923076923076923,0.7765957446808511
TS0330C+TS0330D,NMC111,racdiff,fusion_absolute,65,21,989,5,0.7123983739837398,0.0087565674255691,0.0112739571589627,0.554369918699187
TS0330C+TS0330D,NMC811,racdiff,fusion_absolute,65,21,99,5,0.6542553191489362,0.0714285714285714,0.1030927835051546,0.5372340425531915
TS0330C+TS0330D,NMC111,racdiff,fusion_shape,65,21,989,5,0.4770325203252032,0.0054815262613332,0.0100603621730382,0.5
TS0330C+TS0330D,NMC811,racdiff,fusion_shape,65,21,99,5,0.1723404255319149,0.0362359811345191,0.0,0.4680851063829787
TS0330D+TS0330E,NMC111,real_only,temperature,71,0,989,5,0.9833333333333332,0.1454615384615384,0.0100603621730382,0.5
TS0330D+TS0330E,NMC811,real_only,temperature,71,0,99,5,0.8765957446808511,0.2307431457431457,0.1162790697674418,0.5957446808510638
TS0330D+TS0330E,NMC111,real_only,pressure_absolute,71,0,989,5,0.8871951219512195,0.025465512318086,0.0,0.4745934959349593
TS0330D+TS0330E,NMC811,real_only,pressure_absolute,71,0,99,5,0.9148936170212766,0.238095238095238,0.3333333333333333,0.8936170212765957
TS0330D+TS0330E,NMC111,real_only,pressure_shape,71,0,989,5,0.9821138211382114,0.1607759517370501,0.0,0.5
TS0330D+TS0330E,NMC811,real_only,pressure_shape,71,0,99,5,0.9787234042553192,0.7909090909090908,0.144927536231884,0.6861702127659575
TS0330D+TS0330E,NMC111,real_only,fusion_absolute,71,0,989,5,0.5884146341463414,0.0061349693251533,0.0100603621730382,0.5
TS0330D+TS0330E,NMC811,real_only,fusion_absolute,71,0,99,5,0.5,0.0505050505050505,0.0961538461538461,0.5
TS0330D+TS0330E,NMC111,real_only,fusion_shape,71,0,989,5,0.9914634146341464,0.4168165168165167,0.0103626943005181,0.5147357723577236
TS0330D+TS0330E,NMC811,real_only,fusion_shape,71,0,99,5,1.0,1.0,0.1298701298701298,0.6436170212765957
TS0330D+TS0330E,NMC111,classical_anchor_matched,temperature,71,12,989,5,0.9536585365853658,0.0581904761904761,0.0100603621730382,0.5
TS0330D+TS0330E,NMC811,classical_anchor_matched,temperature,71,12,99,5,0.4765957446808511,0.0556972894105168,0.0961538461538461,0.5
TS0330D+TS0330E,NMC111,classical_anchor_matched,pressure_absolute,71,12,989,5,0.9272357723577236,0.0384602329848808,0.0662251655629139,0.9283536585365854
TS0330D+TS0330E,NMC811,classical_anchor_matched,pressure_absolute,71,12,99,5,0.9297872340425531,0.4359477124183006,0.2857142857142857,0.7308510638297872
TS0330D+TS0330E,NMC111,classical_anchor_matched,pressure_shape,71,12,989,5,0.9841463414634146,0.1887220026350461,0.0,0.5
TS0330D+TS0330E,NMC811,classical_anchor_matched,pressure_shape,71,12,99,5,0.9787234042553192,0.7909090909090908,0.1388888888888889,0.6702127659574468
TS0330D+TS0330E,NMC111,classical_anchor_matched,fusion_absolute,71,12,989,5,0.6996951219512195,0.0083892617449664,0.0120048019207683,0.5818089430894309
TS0330D+TS0330E,NMC811,classical_anchor_matched,fusion_absolute,71,12,99,5,0.6117021276595744,0.0641025641025641,0.099009900990099,0.5159574468085106
TS0330D+TS0330E,NMC111,classical_anchor_matched,fusion_shape,71,12,989,5,0.9922764227642276,0.4587037037037037,0.0100908173562058,0.5015243902439024
TS0330D+TS0330E,NMC811,classical_anchor_matched,fusion_shape,71,12,99,5,0.997872340425532,0.9666666666666666,0.0980392156862745,0.5106382978723404
TS0330D+TS0330E,NMC111,racdiff,temperature,71,12,989,5,0.9979674796747968,0.6087301587301587,0.0100603621730382,0.5
TS0330D+TS0330E,NMC811,racdiff,temperature,71,12,99,5,0.8702127659574469,0.1868115942028985,0.0961538461538461,0.5
TS0330D+TS0330E,NMC111,racdiff,pressure_absolute,71,12,989,5,0.9439024390243904,0.050195471425285,0.0952380952380952,0.8618902439024391
TS0330D+TS0330E,NMC811,racdiff,pressure_absolute,71,12,99,5,0.0893617021276595,0.0326685287246637,0.0,0.4946808510638298
TS0330D+TS0330E,NMC111,racdiff,pressure_shape,71,12,989,5,0.9878048780487804,0.3542213207121929,0.0,0.5
TS0330D+TS0330E,NMC811,racdiff,pressure_shape,71,12,99,5,0.9787234042553192,0.7909090909090908,0.1408450704225352,0.675531914893617
TS0330D+TS0330E,NMC111,racdiff,fusion_absolute,71,12,989,5,0.7057926829268293,0.0085616438356164,0.0128534704370179,0.6097560975609756
TS0330D+TS0330E,NMC811,racdiff,fusion_absolute,71,12,99,5,0.648936170212766,0.0704225352112676,0.1020408163265306,0.5319148936170213
TS0330D+TS0330E,NMC111,racdiff,fusion_shape,71,12,989,5,0.9939024390243902,0.5327472527472528,0.0101522842639593,0.5045731707317073
TS0330D+TS0330E,NMC811,racdiff,fusion_shape,71,12,99,5,0.9765957446808512,0.5976190476190476,0.0961538461538461,0.5
TS0330E+TS0330F,NMC111,real_only,temperature,72,0,989,5,0.9973577235772356,0.5199999999999999,0.0100603621730382,0.5
TS0330E+TS0330F,NMC811,real_only,temperature,72,0,99,5,1.0,1.0,0.1923076923076923,0.7765957446808511
TS0330E+TS0330F,NMC111,real_only,pressure_absolute,72,0,989,5,0.8565040650406505,0.0200452118115407,0.0,0.4893292682926829
TS0330E+TS0330F,NMC811,real_only,pressure_absolute,72,0,99,5,0.925531914893617,0.2631578947368421,0.3846153846153846,0.9148936170212766
TS0330E+TS0330F,NMC111,real_only,pressure_shape,72,0,989,5,0.976829268292683,0.1134916734916735,0.0,0.5
TS0330E+TS0330F,NMC811,real_only,pressure_shape,72,0,99,5,0.9744680851063828,0.7109090909090909,0.1612903225806451,0.7234042553191489
TS0330E+TS0330F,NMC111,real_only,fusion_absolute,72,0,989,5,0.5248983739837398,0.0053191489361702,0.0100603621730382,0.5
TS0330E+TS0330F,NMC811,real_only,fusion_absolute,72,0,99,5,0.5,0.0505050505050505,0.0961538461538461,0.5
TS0330E+TS0330F,NMC111,real_only,fusion_shape,72,0,989,5,0.9910569105691056,0.4015384615384615,0.0154083204930662,0.6753048780487805
TS0330E+TS0330F,NMC811,real_only,fusion_shape,72,0,99,5,1.0,1.0,0.1492537313432835,0.6968085106382979
TS0330E+TS0330F,NMC111,classical_anchor_matched,temperature,72,10,989,5,0.9997967479674796,0.9666666666666666,0.0100603621730382,0.5
TS0330E+TS0330F,NMC811,classical_anchor_matched,temperature,72,10,99,5,1.0,1.0,0.2,0.7872340425531915
TS0330E+TS0330F,NMC111,classical_anchor_matched,pressure_absolute,72,10,989,5,0.4290650406504065,0.0050383536612383,0.0100603621730382,0.5
TS0330E+TS0330F,NMC811,classical_anchor_matched,pressure_absolute,72,10,99,5,0.8351063829787234,0.1388888888888889,0.0961538461538461,0.5
TS0330E+TS0330F,NMC111,classical_anchor_matched,pressure_shape,72,10,989,5,0.990040650406504,0.5168115942028986,0.0,0.5
TS0330E+TS0330F,NMC811,classical_anchor_matched,pressure_shape,72,10,99,5,0.9659574468085106,0.5255555555555556,0.1515151515151515,0.7021276595744681
TS0330E+TS0330F,NMC111,classical_anchor_matched,fusion_absolute,72,10,989,5,0.6803861788617886,0.0078864353312302,0.0100603621730382,0.5
TS0330E+TS0330F,NMC811,classical_anchor_matched,fusion_absolute,72,10,99,5,0.5,0.0505050505050505,0.0961538461538461,0.5
TS0330E+TS0330F,NMC111,classical_anchor_matched,fusion_shape,72,10,989,5,0.9961382113821138,0.7026315789473685,0.0112485939257592,0.5533536585365854
TS0330E+TS0330F,NMC811,classical_anchor_matched,fusion_shape,72,10,99,5,0.9893617021276596,0.71,0.1538461538461538,0.7074468085106382
TS0330E+TS0330F,NMC111,racdiff,temperature,72,10,989,5,1.0,1.0,0.0100603621730382,0.5
TS0330E+TS0330F,NMC811,racdiff,temperature,72,10,99,5,1.0,1.0,0.15625,0.7127659574468085
TS0330E+TS0330F,NMC111,racdiff,pressure_absolute,72,10,989,5,0.0288617886178861,0.0031104754984509,0.0,0.1976626016260162
TS0330E+TS0330F,NMC811,racdiff,pressure_absolute,72,10,99,5,0.0042553191489361,0.0307880283076993,0.0,0.1968085106382978
TS0330E+TS0330F,NMC111,racdiff,pressure_shape,72,10,989,5,0.9920731707317072,0.4487512487512488,0.0,0.5
TS0330E+TS0330F,NMC811,racdiff,pressure_shape,72,10,99,5,0.9297872340425531,0.3007034632034632,0.1515151515151515,0.7021276595744681
TS0330E+TS0330F,NMC111,racdiff,fusion_absolute,72,10,989,5,0.6844512195121951,0.0079872204472843,0.0101419878296146,0.5040650406504065
TS0330E+TS0330F,NMC811,racdiff,fusion_absolute,72,10,99,5,0.5585106382978724,0.0568181818181818,0.0970873786407767,0.5053191489361702
TS0330E+TS0330F,NMC111,racdiff,fusion_shape,72,10,989,5,0.9967479674796748,0.81,0.0112107623318385,0.551829268292683
TS0330E+TS0330F,NMC811,racdiff,fusion_shape,72,10,99,5,0.9872340425531916,0.6861904761904761,0.1298701298701298,0.6436170212765957
TS0330F+TS0330G,NMC111,real_only,temperature,64,0,989,5,0.9991869918699188,0.8761904761904762,0.0100603621730382,0.5
TS0330F+TS0330G,NMC811,real_only,temperature,64,0,99,5,0.9148936170212766,0.2631746031746031,0.0961538461538461,0.5
TS0330F+TS0330G,NMC111,real_only,pressure_absolute,64,0,989,5,0.8800813008130081,0.023798410299403,0.0,0.4872967479674797
TS0330F+TS0330G,NMC811,real_only,pressure_absolute,64,0,99,5,0.9308510638297872,0.2777777777777778,0.3333333333333333,0.8936170212765957
TS0330F+TS0330G,NMC111,real_only,pressure_shape,64,0,989,5,0.4664634146341463,0.0055515095525723,0.0147058823529411,0.6595528455284553
TS0330F+TS0330G,NMC811,real_only,pressure_shape,64,0,99,5,0.2127659574468085,0.0384030341689679,0.0,0.1329787234042553
TS0330F+TS0330G,NMC111,real_only,fusion_absolute,64,0,989,5,0.0939024390243902,0.0033372673211607,0.0103734439834024,0.5152439024390244
TS0330F+TS0330G,NMC811,real_only,fusion_absolute,64,0,99,5,0.3127659574468085,0.0376191141168099,0.0961538461538461,0.5
TS0330F+TS0330G,NMC111,real_only,fusion_shape,64,0,989,5,0.3050813008130081,0.004233687240732,0.0100603621730382,0.5
TS0330F+TS0330G,NMC811,real_only,fusion_shape,64,0,99,5,0.1297872340425531,0.0348550599569671,0.1020408163265306,0.5319148936170213
TS0330F+TS0330G,NMC111,classical_anchor_matched,temperature,64,26,989,5,0.9981707317073172,0.8051948051948052,0.0100603621730382,0.5
TS0330F+TS0330G,NMC811,classical_anchor_matched,temperature,64,26,99,5,0.6042553191489362,0.0702098986285032,0.0961538461538461,0.5
TS0330F+TS0330G,NMC111,classical_anchor_matched,pressure_absolute,64,26,989,5,0.5096544715447154,0.0051546391752577,0.0100603621730382,0.5
TS0330F+TS0330G,NMC811,classical_anchor_matched,pressure_absolute,64,26,99,5,0.5053191489361701,0.0510204081632653,0.0970873786407767,0.5053191489361702
TS0330F+TS0330G,NMC111,classical_anchor_matched,pressure_shape,64,26,989,5,0.2510162601626016,0.0038474884214294,0.0089086859688195,0.4482723577235772
TS0330F+TS0330G,NMC811,classical_anchor_matched,pressure_shape,64,26,99,5,0.3531914893617021,0.0446172903523175,0.0689655172413793,0.3797872340425532
TS0330F+TS0330G,NMC111,classical_anchor_matched,fusion_absolute,64,26,989,5,0.4582317073170731,0.0047087153839029,0.0100603621730382,0.5
TS0330F+TS0330G,NMC811,classical_anchor_matched,fusion_absolute,64,26,99,5,0.5053191489361701,0.0510204081632653,0.0970873786407767,0.5053191489361702
TS0330F+TS0330G,NMC111,classical_anchor_matched,fusion_shape,64,26,989,5,0.2276422764227642,0.0037803842710801,0.0100603621730382,0.5
TS0330F+TS0330G,NMC811,classical_anchor_matched,fusion_shape,64,26,99,5,0.0446808510638297,0.0316731678574913,0.0961538461538461,0.5
TS0330F+TS0330G,NMC111,racdiff,temperature,64,26,989,5,0.9981707317073172,0.6977777777777778,0.0100603621730382,0.5
TS0330F+TS0330G,NMC811,racdiff,temperature,64,26,99,5,0.9723404255319148,0.6111111111111112,0.0961538461538461,0.5
TS0330F+TS0330G,NMC111,racdiff,pressure_absolute,64,26,989,5,0.5005081300813008,0.0050607287449392,0.0100603621730382,0.5
TS0330F+TS0330G,NMC811,racdiff,pressure_absolute,64,26,99,5,0.5053191489361701,0.0510204081632653,0.0970873786407767,0.5053191489361702
TS0330F+TS0330G,NMC111,racdiff,pressure_shape,64,26,989,5,0.4495934959349593,0.0052116048314793,0.0,0.3434959349593496
TS0330F+TS0330G,NMC811,racdiff,pressure_shape,64,26,99,5,0.6319148936170212,0.0830107584771236,0.1219512195121951,0.6170212765957447
TS0330F+TS0330G,NMC111,racdiff,fusion_absolute,64,26,989,5,0.0916666666666666,0.003499069377323,0.0100603621730382,0.5
TS0330F+TS0330G,NMC811,racdiff,fusion_absolute,64,26,99,5,0.5,0.0505050505050505,0.0961538461538461,0.5
TS0330F+TS0330G,NMC111,racdiff,fusion_shape,64,26,989,5,0.6018292682926829,0.0072092478945253,0.0100603621730382,0.5
TS0330F+TS0330G,NMC811,racdiff,fusion_shape,64,26,99,5,0.2595744680851063,0.0405619922745026,0.0970873786407767,0.5053191489361702
TS0330G+TS0330H,NMC111,real_only,temperature,64,0,989,5,1.0,1.0,0.0100603621730382,0.5
TS0330G+TS0330H,NMC811,real_only,temperature,64,0,99,5,1.0,1.0,0.0961538461538461,0.5
TS0330G+TS0330H,NMC111,real_only,pressure_absolute,64,0,989,5,0.0101626016260162,0.0050556117290192,0.0,0.5
TS0330G+TS0330H,NMC811,real_only,pressure_absolute,64,0,99,5,0.2606382978723404,0.0505050505050505,0.0,0.5
TS0330G+TS0330H,NMC111,real_only,pressure_shape,64,0,989,5,0.9782520325203252,0.2951648841354723,0.0,0.5
TS0330G+TS0330H,NMC811,real_only,pressure_shape,64,0,99,5,0.9595744680851064,0.4188888888888888,0.2127659574468085,0.8031914893617021
TS0330G+TS0330H,NMC111,real_only,fusion_absolute,64,0,989,5,0.0002032520325203,0.0030376732262613,0.0,0.5
TS0330G+TS0330H,NMC811,real_only,fusion_absolute,64,0,99,5,0.1382978723404255,0.0505050505050505,0.0,0.4946808510638298
TS0330G+TS0330H,NMC111,real_only,fusion_shape,64,0,989,5,0.8199186991869919,0.016003936672531,0.0100603621730382,0.5
TS0330G+TS0330H,NMC811,real_only,fusion_shape,64,0,99,5,0.7319148936170212,0.1029990017398248,0.2777777777777778,0.8617021276595744
TS0330G+TS0330H,NMC111,classical_anchor_matched,temperature,64,64,989,5,1.0,1.0,0.0100603621730382,0.5
TS0330G+TS0330H,NMC811,classical_anchor_matched,temperature,64,64,99,5,1.0,1.0,0.0961538461538461,0.5
TS0330G+TS0330H,NMC111,classical_anchor_matched,pressure_absolute,64,64,989,5,0.0447154471544715,0.0050556117290192,0.0,0.3236788617886179
TS0330G+TS0330H,NMC811,classical_anchor_matched,pressure_absolute,64,64,99,5,0.1542553191489361,0.0505050505050505,0.0,0.4361702127659574
TS0330G+TS0330H,NMC111,classical_anchor_matched,pressure_shape,64,64,989,5,0.751219512195122,0.0114578883960567,0.0,0.4903455284552845
TS0330G+TS0330H,NMC811,classical_anchor_matched,pressure_shape,64,64,99,5,0.7510638297872341,0.1085937826541274,0.074074074074074,0.4882978723404255
TS0330G+TS0330H,NMC111,classical_anchor_matched,fusion_absolute,64,64,989,5,0.00630081300813,0.0030513396445463,0.0,0.5
TS0330G+TS0330H,NMC811,classical_anchor_matched,fusion_absolute,64,64,99,5,0.1648936170212765,0.0505050505050505,0.0,0.4946808510638298
TS0330G+TS0330H,NMC111,classical_anchor_matched,fusion_shape,64,64,989,5,0.997560975609756,0.5775757575757575,0.0100603621730382,0.5
TS0330G+TS0330H,NMC811,classical_anchor_matched,fusion_shape,64,64,99,5,0.8851063829787235,0.2057832363714716,0.1176470588235294,0.5414893617021277
TS0330G+TS0330H,NMC111,racdiff,temperature,64,64,989,5,0.999390243902439,0.925,0.0100603621730382,0.5
TS0330G+TS0330H,NMC811,racdiff,temperature,64,64,99,5,0.9936170212765956,0.9028571428571428,0.0961538461538461,0.5
TS0330G+TS0330H,NMC111,racdiff,pressure_absolute,64,64,989,5,0.0482723577235772,0.0050556117290192,0.0,0.3379065040650406
TS0330G+TS0330H,NMC811,racdiff,pressure_absolute,64,64,99,5,0.1702127659574468,0.0505050505050505,0.0,0.4627659574468085
TS0330G+TS0330H,NMC111,racdiff,pressure_shape,64,64,989,5,0.9522357723577236,0.0580223777680709,0.0,0.5
TS0330G+TS0330H,NMC811,racdiff,pressure_shape,64,64,99,5,0.9063829787234042,0.2389502164502164,0.2564102564102564,0.8457446808510638
TS0330G+TS0330H,NMC111,racdiff,fusion_absolute,64,64,989,5,0.0022357723577235,0.003039961256243,0.0,0.5
TS0330G+TS0330H,NMC811,racdiff,fusion_absolute,64,64,99,5,0.1808510638297872,0.0505050505050505,0.0,0.4946808510638298
TS0330G+TS0330H,NMC111,racdiff,fusion_shape,64,64,989,5,0.9776422764227642,0.1301648059542796,0.0100603621730382,0.5
TS0330G+TS0330H,NMC811,racdiff,fusion_shape,64,64,99,5,0.8042553191489362,0.1354613807245386,0.16,0.6042553191489362
TS0330H+TS0330A,NMC111,real_only,temperature,74,0,989,5,1.0,1.0,0.0100603621730382,0.5
TS0330H+TS0330A,NMC811,real_only,temperature,74,0,99,5,1.0,1.0,0.2,0.7872340425531915
TS0330H+TS0330A,NMC111,real_only,pressure_absolute,74,0,989,5,0.6115853658536585,0.0075744447209513,0.0,0.5
TS0330H+TS0330A,NMC811,real_only,pressure_absolute,74,0,99,5,0.9957446808510638,0.9428571428571428,0.0,0.5
TS0330H+TS0330A,NMC111,real_only,pressure_shape,74,0,989,5,0.975,0.3123560535325241,0.0,0.5
TS0330H+TS0330A,NMC811,real_only,pressure_shape,74,0,99,5,0.9744680851063828,0.6192857142857142,0.1666666666666666,0.7340425531914894
TS0330H+TS0330A,NMC111,real_only,fusion_absolute,74,0,989,5,0.5,0.0050556117290192,0.0100603621730382,0.5
TS0330H+TS0330A,NMC811,real_only,fusion_absolute,74,0,99,5,0.5,0.0505050505050505,0.0961538461538461,0.5
TS0330H+TS0330A,NMC111,real_only,fusion_shape,74,0,989,5,0.9896341463414634,0.5164272030651341,0.0170068027210884,0.7063008130081301
TS0330H+TS0330A,NMC811,real_only,fusion_shape,74,0,99,5,1.0,1.0,0.175438596491228,0.75
TS0330H+TS0330A,NMC111,classical_anchor_matched,temperature,74,57,989,5,0.999390243902439,0.9028571428571428,0.0100603621730382,0.5
TS0330H+TS0330A,NMC811,classical_anchor_matched,temperature,74,57,99,5,1.0,1.0,0.2040816326530612,0.7925531914893618
TS0330H+TS0330A,NMC111,classical_anchor_matched,pressure_absolute,74,57,989,5,0.7068089430894309,0.0085910652920962,0.0100603621730382,0.5
TS0330H+TS0330A,NMC811,classical_anchor_matched,pressure_absolute,74,57,99,5,0.5851063829787234,0.0602409638554216,0.099009900990099,0.5159574468085106
TS0330H+TS0330A,NMC111,classical_anchor_matched,pressure_shape,74,57,989,5,0.974390243902439,0.4549585957256905,0.1212121212121212,0.8710365853658537
TS0330H+TS0330A,NMC811,classical_anchor_matched,pressure_shape,74,57,99,5,0.9702127659574468,0.6000000000000001,0.1063829787234042,0.5531914893617021
TS0330H+TS0330A,NMC111,classical_anchor_matched,fusion_absolute,74,57,989,5,0.6814024390243902,0.0079113924050632,0.0100603621730382,0.5
TS0330H+TS0330A,NMC811,classical_anchor_matched,fusion_absolute,74,57,99,5,0.5531914893617021,0.0561797752808988,0.099009900990099,0.5159574468085106
TS0330H+TS0330A,NMC111,classical_anchor_matched,fusion_shape,74,57,989,5,0.9882113821138212,0.5058982683982685,0.0114547537227949,0.5614837398373984
TS0330H+TS0330A,NMC811,classical_anchor_matched,fusion_shape,74,57,99,5,0.9914893617021276,0.8761904761904762,0.131578947368421,0.648936170212766
TS0330H+TS0330A,NMC111,racdiff,temperature,74,57,989,5,1.0,1.0,0.0100603621730382,0.5
TS0330H+TS0330A,NMC811,racdiff,temperature,74,57,99,5,1.0,1.0,0.1818181818181818,0.7606382978723405
TS0330H+TS0330A,NMC111,racdiff,pressure_absolute,74,57,989,5,0.9997967479674796,0.9666666666666666,0.0100603621730382,0.5
TS0330H+TS0330A,NMC811,racdiff,pressure_absolute,74,57,99,5,0.8776595744680852,0.1785714285714285,0.0961538461538461,0.5
TS0330H+TS0330A,NMC111,racdiff,pressure_shape,74,57,989,5,0.9851626016260164,0.4839326599326599,0.0,0.5
TS0330H+TS0330A,NMC811,racdiff,pressure_shape,74,57,99,5,0.9617021276595744,0.4323809523809523,0.1388888888888889,0.6702127659574468
TS0330H+TS0330A,NMC111,racdiff,fusion_absolute,74,57,989,5,0.9339430894308944,0.037037037037037,0.0129366106080207,0.6122967479674797
TS0330H+TS0330A,NMC811,racdiff,fusion_absolute,74,57,99,5,0.8723404255319149,0.1724137931034483,0.125,0.6276595744680851
TS0330H+TS0330A,NMC111,racdiff,fusion_shape,74,57,989,5,0.989430894308943,0.5140880217785844,0.0141242937853107,0.6453252032520325
TS0330H+TS0330A,NMC811,racdiff,fusion_shape,74,57,99,5,1.0,1.0,0.1515151515151515,0.7021276595744681
