heldout,k_real_train_experiments,train_experiments,method,representation,n_real_train_windows,n_aug,n_test_windows,test_positive,auroc,auprc,f1,balanced_accuracy
TS0330A,2,TS0330B+TS0330C,real_only,temperature,74,0,41,11,1.0,1.0,0.88,0.95
TS0330A,2,TS0330B+TS0330C,real_only,fusion_absolute,74,0,41,11,0.9787878787878788,0.9504495504495504,0.7333333333333333,0.8666666666666667
TS0330A,2,TS0330B+TS0330C,classical_anchor_matched,temperature,74,33,41,11,0.990909090909091,0.975068870523416,0.88,0.95
TS0330A,2,TS0330B+TS0330C,classical_anchor_matched,fusion_absolute,74,33,41,11,1.0,1.0,0.8148148148148148,0.9166666666666669
TS0330A,2,TS0330B+TS0330C,racdiff,temperature,74,33,41,11,0.990909090909091,0.975068870523416,0.9166666666666666,0.9666666666666668
TS0330A,2,TS0330B+TS0330C,racdiff,fusion_absolute,74,33,41,11,1.0,1.0,0.8148148148148148,0.9166666666666669
TS0330A,4,TS0330B+TS0330C+TS0330D+TS0330E,real_only,temperature,145,0,41,11,0.996969696969697,0.9924242424242424,0.88,0.95
TS0330A,4,TS0330B+TS0330C+TS0330D+TS0330E,real_only,fusion_absolute,145,0,41,11,1.0,1.0,0.9,0.9090909090909092
TS0330A,4,TS0330B+TS0330C+TS0330D+TS0330E,classical_anchor_matched,temperature,145,10,41,11,0.996969696969697,0.9924242424242424,0.8461538461538461,0.9333333333333332
TS0330A,4,TS0330B+TS0330C+TS0330D+TS0330E,classical_anchor_matched,fusion_absolute,145,10,41,11,1.0,1.0,0.8421052631578947,0.8636363636363636
TS0330A,4,TS0330B+TS0330C+TS0330D+TS0330E,racdiff,temperature,145,10,41,11,0.987878787878788,0.964967860422406,0.8148148148148148,0.9166666666666669
TS0330A,4,TS0330B+TS0330C+TS0330D+TS0330E,racdiff,fusion_absolute,145,10,41,11,0.993939393939394,0.9841597796143252,0.8421052631578947,0.8636363636363636
TS0330A,6,TS0330B+TS0330C+TS0330D+TS0330E+TS0330F+TS0330G,real_only,temperature,209,0,41,11,1.0,1.0,0.8461538461538461,0.9333333333333332
TS0330A,6,TS0330B+TS0330C+TS0330D+TS0330E+TS0330F+TS0330G,real_only,fusion_absolute,209,0,41,11,0.9818181818181818,0.9471939676485132,0.7368421052631579,0.8015151515151515
TS0330A,6,TS0330B+TS0330C+TS0330D+TS0330E+TS0330F+TS0330G,classical_anchor_matched,temperature,209,1,41,11,1.0,1.0,0.8461538461538461,0.9333333333333332
TS0330A,6,TS0330B+TS0330C+TS0330D+TS0330E+TS0330F+TS0330G,classical_anchor_matched,fusion_absolute,209,1,41,11,0.9848484848484848,0.9585576040121496,0.7368421052631579,0.8015151515151515
TS0330A,6,TS0330B+TS0330C+TS0330D+TS0330E+TS0330F+TS0330G,racdiff,temperature,209,1,41,11,1.0,1.0,0.8461538461538461,0.9333333333333332
TS0330A,6,TS0330B+TS0330C+TS0330D+TS0330E+TS0330F+TS0330G,racdiff,fusion_absolute,209,1,41,11,0.9848484848484848,0.9585576040121496,0.8,0.8469696969696969
TS0330B,2,TS0330C+TS0330D,real_only,temperature,65,0,41,8,1.0,1.0,0.64,0.8636363636363636
TS0330B,2,TS0330C+TS0330D,real_only,fusion_absolute,65,0,41,8,0.8939393939393939,0.6601648351648352,0.0,0.5
TS0330B,2,TS0330C+TS0330D,classical_anchor_matched,temperature,65,65,41,8,1.0,1.0,0.7619047619047619,0.9242424242424244
TS0330B,2,TS0330C+TS0330D,classical_anchor_matched,fusion_absolute,65,65,41,8,1.0,1.0,0.0,0.5
TS0330B,2,TS0330C+TS0330D,racdiff,temperature,65,65,41,8,1.0,1.0,0.8,0.9393939393939394
TS0330B,2,TS0330C+TS0330D,racdiff,fusion_absolute,65,65,41,8,1.0,1.0,0.0,0.5
TS0330B,4,TS0330C+TS0330D+TS0330E+TS0330F,real_only,temperature,137,0,41,8,1.0,1.0,0.64,0.8636363636363636
TS0330B,4,TS0330C+TS0330D+TS0330E+TS0330F,real_only,fusion_absolute,137,0,41,8,1.0,1.0,0.0,0.5
TS0330B,4,TS0330C+TS0330D+TS0330E+TS0330F,classical_anchor_matched,temperature,137,0,41,8,1.0,1.0,0.64,0.8636363636363636
TS0330B,4,TS0330C+TS0330D+TS0330E+TS0330F,classical_anchor_matched,fusion_absolute,137,0,41,8,1.0,1.0,0.0,0.5
TS0330B,4,TS0330C+TS0330D+TS0330E+TS0330F,racdiff,temperature,137,0,41,8,1.0,1.0,0.64,0.8636363636363636
TS0330B,4,TS0330C+TS0330D+TS0330E+TS0330F,racdiff,fusion_absolute,137,0,41,8,1.0,1.0,0.0,0.5
TS0330B,6,TS0330C+TS0330D+TS0330E+TS0330F+TS0330G+TS0330H,real_only,temperature,201,0,41,8,1.0,1.0,0.6153846153846154,0.8484848484848485
TS0330B,6,TS0330C+TS0330D+TS0330E+TS0330F+TS0330G+TS0330H,real_only,fusion_absolute,201,0,41,8,1.0,1.0,0.7692307692307693,0.8125
TS0330B,6,TS0330C+TS0330D+TS0330E+TS0330F+TS0330G+TS0330H,classical_anchor_matched,temperature,201,8,41,8,1.0,1.0,0.6153846153846154,0.8484848484848485
TS0330B,6,TS0330C+TS0330D+TS0330E+TS0330F+TS0330G+TS0330H,classical_anchor_matched,fusion_absolute,201,8,41,8,1.0,1.0,0.6666666666666666,0.75
TS0330B,6,TS0330C+TS0330D+TS0330E+TS0330F+TS0330G+TS0330H,racdiff,temperature,201,8,41,8,1.0,1.0,0.6153846153846154,0.8484848484848485
TS0330B,6,TS0330C+TS0330D+TS0330E+TS0330F+TS0330G+TS0330H,racdiff,fusion_absolute,201,8,41,8,1.0,1.0,0.5454545454545454,0.6875
TS0330C,2,TS0330D+TS0330E,real_only,temperature,71,0,33,3,1.0,1.0,0.4,0.85
TS0330C,2,TS0330D+TS0330E,real_only,fusion_absolute,71,0,33,3,1.0,1.0,0.8571428571428571,0.9833333333333334
TS0330C,2,TS0330D+TS0330E,classical_anchor_matched,temperature,71,19,33,3,1.0,1.0,0.375,0.8333333333333333
TS0330C,2,TS0330D+TS0330E,classical_anchor_matched,fusion_absolute,71,19,33,3,1.0,1.0,0.8571428571428571,0.9833333333333334
TS0330C,2,TS0330D+TS0330E,racdiff,temperature,71,19,33,3,1.0,1.0,0.3529411764705882,0.8166666666666667
TS0330C,2,TS0330D+TS0330E,racdiff,fusion_absolute,71,19,33,3,1.0,1.0,0.8571428571428571,0.9833333333333334
TS0330C,4,TS0330D+TS0330E+TS0330F+TS0330G,real_only,temperature,135,0,33,3,1.0,1.0,0.375,0.8333333333333333
TS0330C,4,TS0330D+TS0330E+TS0330F+TS0330G,real_only,fusion_absolute,135,0,33,3,1.0,1.0,0.4615384615384615,0.8833333333333333
TS0330C,4,TS0330D+TS0330E+TS0330F+TS0330G,classical_anchor_matched,temperature,135,8,33,3,1.0,1.0,0.375,0.8333333333333333
TS0330C,4,TS0330D+TS0330E+TS0330F+TS0330G,classical_anchor_matched,fusion_absolute,135,8,33,3,1.0,1.0,0.4285714285714285,0.8666666666666667
TS0330C,4,TS0330D+TS0330E+TS0330F+TS0330G,racdiff,temperature,135,8,33,3,1.0,1.0,0.375,0.8333333333333333
TS0330C,4,TS0330D+TS0330E+TS0330F+TS0330G,racdiff,fusion_absolute,135,8,33,3,1.0,1.0,0.4615384615384615,0.8833333333333333
TS0330C,6,TS0330D+TS0330E+TS0330F+TS0330G+TS0330H+TS0330A,real_only,temperature,209,0,33,3,1.0,1.0,0.3529411764705882,0.8166666666666667
TS0330C,6,TS0330D+TS0330E+TS0330F+TS0330G+TS0330H+TS0330A,real_only,fusion_absolute,209,0,33,3,1.0,1.0,0.3529411764705882,0.8166666666666667
TS0330C,6,TS0330D+TS0330E+TS0330F+TS0330G+TS0330H+TS0330A,classical_anchor_matched,temperature,209,3,33,3,1.0,1.0,0.3529411764705882,0.8166666666666667
TS0330C,6,TS0330D+TS0330E+TS0330F+TS0330G+TS0330H+TS0330A,classical_anchor_matched,fusion_absolute,209,3,33,3,1.0,1.0,0.3529411764705882,0.8166666666666667
TS0330C,6,TS0330D+TS0330E+TS0330F+TS0330G+TS0330H+TS0330A,racdiff,temperature,209,3,33,3,1.0,1.0,0.3529411764705882,0.8166666666666667
TS0330C,6,TS0330D+TS0330E+TS0330F+TS0330G+TS0330H+TS0330A,racdiff,fusion_absolute,209,3,33,3,1.0,1.0,0.3529411764705882,0.8166666666666667
TS0330D,2,TS0330E+TS0330F,real_only,temperature,72,0,32,7,1.0,1.0,0.7,0.88
TS0330D,2,TS0330E+TS0330F,real_only,fusion_absolute,72,0,32,7,1.0,1.0,0.8235294117647058,0.94
TS0330D,2,TS0330E+TS0330F,classical_anchor_matched,temperature,72,33,32,7,1.0,1.0,0.6666666666666666,0.86
TS0330D,2,TS0330E+TS0330F,classical_anchor_matched,fusion_absolute,72,33,32,7,1.0,1.0,0.8235294117647058,0.94
TS0330D,2,TS0330E+TS0330F,racdiff,temperature,72,33,32,7,1.0,1.0,0.6666666666666666,0.86
TS0330D,2,TS0330E+TS0330F,racdiff,fusion_absolute,72,33,32,7,1.0,1.0,0.7777777777777778,0.92
TS0330D,4,TS0330E+TS0330F+TS0330G+TS0330H,real_only,temperature,136,0,32,7,1.0,1.0,0.6363636363636364,0.8400000000000001
TS0330D,4,TS0330E+TS0330F+TS0330G+TS0330H,real_only,fusion_absolute,136,0,32,7,1.0,1.0,0.7,0.88
TS0330D,4,TS0330E+TS0330F+TS0330G+TS0330H,classical_anchor_matched,temperature,136,1,32,7,1.0,1.0,0.6363636363636364,0.8400000000000001
TS0330D,4,TS0330E+TS0330F+TS0330G+TS0330H,classical_anchor_matched,fusion_absolute,136,1,32,7,0.9942857142857142,0.9821428571428572,0.7,0.88
TS0330D,4,TS0330E+TS0330F+TS0330G+TS0330H,racdiff,temperature,136,1,32,7,1.0,1.0,0.6363636363636364,0.8400000000000001
TS0330D,4,TS0330E+TS0330F+TS0330G+TS0330H,racdiff,fusion_absolute,136,1,32,7,0.9828571428571428,0.9379251700680272,0.7,0.88
TS0330D,6,TS0330E+TS0330F+TS0330G+TS0330H+TS0330A+TS0330B,real_only,temperature,218,0,32,7,1.0,1.0,0.6666666666666666,0.86
TS0330D,6,TS0330E+TS0330F+TS0330G+TS0330H+TS0330A+TS0330B,real_only,fusion_absolute,218,0,32,7,0.9942857142857142,0.9821428571428572,0.6086956521739131,0.8200000000000001
TS0330D,6,TS0330E+TS0330F+TS0330G+TS0330H+TS0330A+TS0330B,classical_anchor_matched,temperature,218,0,32,7,1.0,1.0,0.6666666666666666,0.86
TS0330D,6,TS0330E+TS0330F+TS0330G+TS0330H+TS0330A+TS0330B,classical_anchor_matched,fusion_absolute,218,0,32,7,0.9942857142857142,0.9821428571428572,0.6086956521739131,0.8200000000000001
TS0330D,6,TS0330E+TS0330F+TS0330G+TS0330H+TS0330A+TS0330B,racdiff,temperature,218,0,32,7,1.0,1.0,0.6666666666666666,0.86
TS0330D,6,TS0330E+TS0330F+TS0330G+TS0330H+TS0330A+TS0330B,racdiff,fusion_absolute,218,0,32,7,0.9942857142857142,0.9821428571428572,0.6086956521739131,0.8200000000000001
TS0330E,2,TS0330F+TS0330G,real_only,temperature,64,0,39,16,1.0,1.0,0.8648648648648649,0.8913043478260869
TS0330E,2,TS0330F+TS0330G,real_only,fusion_absolute,64,0,39,16,1.0,1.0,0.8,0.8260869565217391
TS0330E,2,TS0330F+TS0330G,classical_anchor_matched,temperature,64,23,39,16,1.0,1.0,0.8888888888888888,0.9130434782608696
TS0330E,2,TS0330F+TS0330G,classical_anchor_matched,fusion_absolute,64,23,39,16,1.0,1.0,0.8205128205128205,0.8478260869565217
TS0330E,2,TS0330F+TS0330G,racdiff,temperature,64,23,39,16,1.0,1.0,0.9142857142857144,0.934782608695652
TS0330E,2,TS0330F+TS0330G,racdiff,fusion_absolute,64,23,39,16,1.0,1.0,0.8,0.8260869565217391
TS0330E,4,TS0330F+TS0330G+TS0330H+TS0330A,real_only,temperature,138,0,39,16,1.0,1.0,0.8648648648648649,0.8913043478260869
TS0330E,4,TS0330F+TS0330G+TS0330H+TS0330A,real_only,fusion_absolute,138,0,39,16,1.0,1.0,0.9411764705882352,0.9565217391304348
TS0330E,4,TS0330F+TS0330G+TS0330H+TS0330A,classical_anchor_matched,temperature,138,82,39,16,1.0,1.0,0.8648648648648649,0.8913043478260869
TS0330E,4,TS0330F+TS0330G+TS0330H+TS0330A,classical_anchor_matched,fusion_absolute,138,82,39,16,1.0,1.0,0.9142857142857144,0.934782608695652
TS0330E,4,TS0330F+TS0330G+TS0330H+TS0330A,racdiff,temperature,138,82,39,16,1.0,1.0,0.8648648648648649,0.8913043478260869
TS0330E,4,TS0330F+TS0330G+TS0330H+TS0330A,racdiff,fusion_absolute,138,82,39,16,1.0,1.0,0.8888888888888888,0.9130434782608696
TS0330E,6,TS0330F+TS0330G+TS0330H+TS0330A+TS0330B+TS0330C,real_only,temperature,212,0,39,16,1.0,1.0,0.9411764705882352,0.9565217391304348
TS0330E,6,TS0330F+TS0330G+TS0330H+TS0330A+TS0330B+TS0330C,real_only,fusion_absolute,212,0,39,16,1.0,1.0,1.0,1.0
TS0330E,6,TS0330F+TS0330G+TS0330H+TS0330A+TS0330B+TS0330C,classical_anchor_matched,temperature,212,8,39,16,1.0,1.0,0.9142857142857144,0.934782608695652
TS0330E,6,TS0330F+TS0330G+TS0330H+TS0330A+TS0330B+TS0330C,classical_anchor_matched,fusion_absolute,212,8,39,16,1.0,1.0,0.9696969696969696,0.9782608695652174
TS0330E,6,TS0330F+TS0330G+TS0330H+TS0330A+TS0330B+TS0330C,racdiff,temperature,212,8,39,16,1.0,1.0,0.9142857142857144,0.934782608695652
TS0330E,6,TS0330F+TS0330G+TS0330H+TS0330A+TS0330B+TS0330C,racdiff,fusion_absolute,212,8,39,16,1.0,1.0,0.9696969696969696,0.9782608695652174
TS0330F,2,TS0330G+TS0330H,real_only,temperature,64,0,33,11,1.0,1.0,0.88,0.931818181818182
TS0330F,2,TS0330G+TS0330H,real_only,fusion_absolute,64,0,33,11,0.8801652892561984,0.8293495505182812,0.1666666666666666,0.5454545454545454
TS0330F,2,TS0330G+TS0330H,classical_anchor_matched,temperature,64,64,33,11,1.0,1.0,0.9166666666666666,0.9545454545454546
TS0330F,2,TS0330G+TS0330H,classical_anchor_matched,fusion_absolute,64,64,33,11,0.8966942148760331,0.8491830065359477,0.1666666666666666,0.5454545454545454
TS0330F,2,TS0330G+TS0330H,racdiff,temperature,64,64,33,11,1.0,1.0,0.88,0.931818181818182
TS0330F,2,TS0330G+TS0330H,racdiff,fusion_absolute,64,64,33,11,0.8925619834710744,0.8403446226975638,0.3076923076923077,0.5909090909090909
TS0330F,4,TS0330G+TS0330H+TS0330A+TS0330B,real_only,temperature,146,0,33,11,1.0,1.0,0.9166666666666666,0.9545454545454546
TS0330F,4,TS0330G+TS0330H+TS0330A+TS0330B,real_only,fusion_absolute,146,0,33,11,1.0,1.0,0.88,0.931818181818182
TS0330F,4,TS0330G+TS0330H+TS0330A+TS0330B,classical_anchor_matched,temperature,146,8,33,11,1.0,1.0,0.9166666666666666,0.9545454545454546
TS0330F,4,TS0330G+TS0330H+TS0330A+TS0330B,classical_anchor_matched,fusion_absolute,146,8,33,11,1.0,1.0,0.88,0.931818181818182
TS0330F,4,TS0330G+TS0330H+TS0330A+TS0330B,racdiff,temperature,146,8,33,11,1.0,1.0,0.9166666666666666,0.9545454545454546
TS0330F,4,TS0330G+TS0330H+TS0330A+TS0330B,racdiff,fusion_absolute,146,8,33,11,1.0,1.0,0.88,0.931818181818182
TS0330F,6,TS0330G+TS0330H+TS0330A+TS0330B+TS0330C+TS0330D,real_only,temperature,211,0,33,11,1.0,1.0,0.9565217391304348,0.9772727272727272
TS0330F,6,TS0330G+TS0330H+TS0330A+TS0330B+TS0330C+TS0330D,real_only,fusion_absolute,211,0,33,11,1.0,1.0,0.9565217391304348,0.9772727272727272
TS0330F,6,TS0330G+TS0330H+TS0330A+TS0330B+TS0330C+TS0330D,classical_anchor_matched,temperature,211,17,33,11,1.0,1.0,0.9565217391304348,0.9772727272727272
TS0330F,6,TS0330G+TS0330H+TS0330A+TS0330B+TS0330C+TS0330D,classical_anchor_matched,fusion_absolute,211,17,33,11,1.0,1.0,0.9166666666666666,0.9545454545454546
TS0330F,6,TS0330G+TS0330H+TS0330A+TS0330B+TS0330C+TS0330D,racdiff,temperature,211,17,33,11,1.0,1.0,0.9565217391304348,0.9772727272727272
TS0330F,6,TS0330G+TS0330H+TS0330A+TS0330B+TS0330C+TS0330D,racdiff,fusion_absolute,211,17,33,11,1.0,1.0,0.9166666666666666,0.9545454545454546
TS0330G,2,TS0330H+TS0330A,real_only,temperature,74,0,31,7,0.9047619047619048,0.8421768707482993,0.5555555555555556,0.7321428571428572
TS0330G,2,TS0330H+TS0330A,real_only,fusion_absolute,74,0,31,7,0.75,0.782258064516129,0.3529411764705882,0.4910714285714285
TS0330G,2,TS0330H+TS0330A,classical_anchor_matched,temperature,74,45,31,7,0.8690476190476191,0.8202614379084967,0.5,0.6904761904761905
TS0330G,2,TS0330H+TS0330A,classical_anchor_matched,fusion_absolute,74,45,31,7,0.9107142857142858,0.8468864468864468,0.56,0.7708333333333333
TS0330G,2,TS0330H+TS0330A,racdiff,temperature,74,45,31,7,1.0,0.9999999999999998,0.6363636363636364,0.8333333333333333
TS0330G,2,TS0330H+TS0330A,racdiff,fusion_absolute,74,45,31,7,1.0,0.9999999999999998,0.6086956521739131,0.8125
TS0330G,4,TS0330H+TS0330A+TS0330B+TS0330C,real_only,temperature,148,0,31,7,1.0,0.9999999999999998,0.7368421052631579,0.8958333333333333
TS0330G,4,TS0330H+TS0330A+TS0330B+TS0330C,real_only,fusion_absolute,148,0,31,7,0.8154761904761905,0.8003663003663002,0.4761904761904761,0.6696428571428572
TS0330G,4,TS0330H+TS0330A+TS0330B+TS0330C,classical_anchor_matched,temperature,148,11,31,7,1.0,0.9999999999999998,0.7368421052631579,0.8958333333333333
TS0330G,4,TS0330H+TS0330A+TS0330B+TS0330C,classical_anchor_matched,fusion_absolute,148,11,31,7,0.75,0.7817460317460316,0.5263157894736842,0.7113095238095238
TS0330G,4,TS0330H+TS0330A+TS0330B+TS0330C,racdiff,temperature,148,11,31,7,1.0,0.9999999999999998,0.7368421052631579,0.8958333333333333
TS0330G,4,TS0330H+TS0330A+TS0330B+TS0330C,racdiff,fusion_absolute,148,11,31,7,0.9761904761904762,0.9325396825396824,0.6666666666666666,0.8541666666666667
TS0330G,6,TS0330H+TS0330A+TS0330B+TS0330C+TS0330D+TS0330E,real_only,temperature,219,0,31,7,0.8809523809523809,0.8266806722689075,0.6666666666666666,0.7946428571428572
TS0330G,6,TS0330H+TS0330A+TS0330B+TS0330C+TS0330D+TS0330E,real_only,fusion_absolute,219,0,31,7,0.7142857142857143,0.7751152073732719,0.4761904761904761,0.6696428571428572
TS0330G,6,TS0330H+TS0330A+TS0330B+TS0330C+TS0330D+TS0330E,classical_anchor_matched,temperature,219,39,31,7,1.0,0.9999999999999998,0.7777777777777778,0.9166666666666669
TS0330G,6,TS0330H+TS0330A+TS0330B+TS0330C+TS0330D+TS0330E,classical_anchor_matched,fusion_absolute,219,39,31,7,0.7142857142857143,0.7751152073732719,0.4761904761904761,0.6696428571428572
TS0330G,6,TS0330H+TS0330A+TS0330B+TS0330C+TS0330D+TS0330E,racdiff,temperature,219,39,31,7,1.0,0.9999999999999998,0.8235294117647058,0.9375
TS0330G,6,TS0330H+TS0330A+TS0330B+TS0330C+TS0330D+TS0330E,racdiff,fusion_absolute,219,39,31,7,0.9940476190476192,0.982142857142857,0.6666666666666666,0.8541666666666667
TS0330H,2,TS0330A+TS0330B,real_only,temperature,82,0,33,15,1.0,1.0,0.75,0.8
TS0330H,2,TS0330A+TS0330B,real_only,fusion_absolute,82,0,33,15,1.0,1.0,0.0,0.5
TS0330H,2,TS0330A+TS0330B,classical_anchor_matched,temperature,82,82,33,15,1.0,1.0,0.6956521739130435,0.7666666666666666
TS0330H,2,TS0330A+TS0330B,classical_anchor_matched,fusion_absolute,82,82,33,15,1.0,1.0,0.0,0.5
TS0330H,2,TS0330A+TS0330B,racdiff,temperature,82,82,33,15,1.0,1.0,0.75,0.8
TS0330H,2,TS0330A+TS0330B,racdiff,fusion_absolute,82,82,33,15,1.0,1.0,0.0,0.5
TS0330H,4,TS0330A+TS0330B+TS0330C+TS0330D,real_only,temperature,147,0,33,15,0.9962962962962962,0.9958333333333332,0.6956521739130435,0.7666666666666666
TS0330H,4,TS0330A+TS0330B+TS0330C+TS0330D,real_only,fusion_absolute,147,0,33,15,0.9703703703703704,0.969438301636444,0.5714285714285714,0.7
TS0330H,4,TS0330A+TS0330B+TS0330C+TS0330D,classical_anchor_matched,temperature,147,9,33,15,1.0,1.0,0.75,0.8
TS0330H,4,TS0330A+TS0330B+TS0330C+TS0330D,classical_anchor_matched,fusion_absolute,147,9,33,15,0.974074074074074,0.9742002063983488,0.6363636363636364,0.7333333333333334
TS0330H,4,TS0330A+TS0330B+TS0330C+TS0330D,racdiff,temperature,147,9,33,15,1.0,1.0,0.75,0.8
TS0330H,4,TS0330A+TS0330B+TS0330C+TS0330D,racdiff,fusion_absolute,147,9,33,15,0.9851851851851852,0.9844444444444445,0.6363636363636364,0.7333333333333334
TS0330H,6,TS0330A+TS0330B+TS0330C+TS0330D+TS0330E+TS0330F,real_only,temperature,219,0,33,15,1.0,1.0,0.75,0.8
TS0330H,6,TS0330A+TS0330B+TS0330C+TS0330D+TS0330E+TS0330F,real_only,fusion_absolute,219,0,33,15,0.9666666666666668,0.96531131750946,0.8571428571428571,0.8722222222222222
TS0330H,6,TS0330A+TS0330B+TS0330C+TS0330D+TS0330E+TS0330F,classical_anchor_matched,temperature,219,4,33,15,1.0,1.0,0.75,0.8
TS0330H,6,TS0330A+TS0330B+TS0330C+TS0330D+TS0330E+TS0330F,classical_anchor_matched,fusion_absolute,219,4,33,15,0.974074074074074,0.9728696741854636,0.896551724137931,0.9055555555555556
TS0330H,6,TS0330A+TS0330B+TS0330C+TS0330D+TS0330E+TS0330F,racdiff,temperature,219,4,33,15,1.0,1.0,0.75,0.8
TS0330H,6,TS0330A+TS0330B+TS0330C+TS0330D+TS0330E+TS0330F,racdiff,fusion_absolute,219,4,33,15,0.9851851851851852,0.9844444444444445,0.896551724137931,0.9055555555555556
